form_id,form_name,difficulty,field_id,field_name,field_type,is_comb_box,ground_truth,transcribed_text,exact_match,confidence,status,crop_image_path
1,sample_form_001_legible.png,legible,applicant_name,Applicant Full Name (Block Letters),Name,True,SRIRAM RAO,SRIRAM RAO,True,1.0,APPROVED,C:\Users\SRIRAM\Documents\GitHub\OCR features for Hackathon\data\extracted_crops\form_001\applicant_name.png
1,sample_form_001_legible.png,legible,date_of_birth,Date of Birth (DD/MM/YYYY),Date,True,15/08/1995,15/08/1995,True,1.0,APPROVED,C:\Users\SRIRAM\Documents\GitHub\OCR features for Hackathon\data\extracted_crops\form_001\date_of_birth.png
1,sample_form_001_legible.png,legible,postal_pin,Postal PIN Code,Pin,True,560034,560034,True,1.0,APPROVED,C:\Users\SRIRAM\Documents\GitHub\OCR features for Hackathon\data\extracted_crops\form_001\postal_pin.png
1,sample_form_001_legible.png,legible,application_code,Application Tracking Code,Code,True,APP-8402,APP-8402,True,1.0,APPROVED,C:\Users\SRIRAM\Documents\GitHub\OCR features for Hackathon\data\extracted_crops\form_001\application_code.png
1,sample_form_001_legible.png,legible,phone_number,Primary Contact Number,Phone,True,9845012345,9845012345,True,1.0,APPROVED,C:\Users\SRIRAM\Documents\GitHub\OCR features for Hackathon\data\extracted_crops\form_001\phone_number.png
1,sample_form_001_legible.png,legible,declaration_text,Handwritten Declaration & Confirmation,Handwriting,False,I hereby verify that all provided details are authentic.,I merely verify that all provided details are authentic.,False,0.8059,FLAGGED,C:\Users\SRIRAM\Documents\GitHub\OCR features for Hackathon\data\extracted_crops\form_001\declaration_text.png
2,sample_form_002_legible.png,legible,applicant_name,Applicant Full Name (Block Letters),Name,True,AARTI SHARMA,AARTI SHARMA,True,1.0,APPROVED,C:\Users\SRIRAM\Documents\GitHub\OCR features for Hackathon\data\extracted_crops\form_002\applicant_name.png
2,sample_form_002_legible.png,legible,date_of_birth,Date of Birth (DD/MM/YYYY),Date,True,22/11/1988,22/11/1988,True,1.0,APPROVED,C:\Users\SRIRAM\Documents\GitHub\OCR features for Hackathon\data\extracted_crops\form_002\date_of_birth.png
2,sample_form_002_legible.png,legible,postal_pin,Postal PIN Code,Pin,True,110001,110001,True,1.0,APPROVED,C:\Users\SRIRAM\Documents\GitHub\OCR features for Hackathon\data\extracted_crops\form_002\postal_pin.png
2,sample_form_002_legible.png,legible,application_code,Application Tracking Code,Code,True,GOV-3914,GOV-3914,True,1.0,APPROVED,C:\Users\SRIRAM\Documents\GitHub\OCR features for Hackathon\data\extracted_crops\form_002\application_code.png
2,sample_form_002_legible.png,legible,phone_number,Primary Contact Number,Phone,True,9123456789,9123456789,True,1.0,APPROVED,C:\Users\SRIRAM\Documents\GitHub\OCR features for Hackathon\data\extracted_crops\form_002\phone_number.png
2,sample_form_002_legible.png,legible,declaration_text,Handwritten Declaration & Confirmation,Handwriting,False,All entries in this registration form are true and accurate.,I all entries in this registration form are true and accurate 1,False,0.7888,FLAGGED,C:\Users\SRIRAM\Documents\GitHub\OCR features for Hackathon\data\extracted_crops\form_002\declaration_text.png
3,sample_form_003_legible.png,legible,applicant_name,Applicant Full Name (Block Letters),Name,True,RAJESH KUMAR,RAJESH KUMAR,True,1.0,APPROVED,C:\Users\SRIRAM\Documents\GitHub\OCR features for Hackathon\data\extracted_crops\form_003\applicant_name.png
3,sample_form_003_legible.png,legible,date_of_birth,Date of Birth (DD/MM/YYYY),Date,True,04/07/2001,04/07/2001,True,1.0,APPROVED,C:\Users\SRIRAM\Documents\GitHub\OCR features for Hackathon\data\extracted_crops\form_003\date_of_birth.png
3,sample_form_003_legible.png,legible,postal_pin,Postal PIN Code,Pin,True,400001,400001,True,1.0,APPROVED,C:\Users\SRIRAM\Documents\GitHub\OCR features for Hackathon\data\extracted_crops\form_003\postal_pin.png
3,sample_form_003_legible.png,legible,application_code,Application Tracking Code,Code,True,REG-7721,REG-7721,True,1.0,APPROVED,C:\Users\SRIRAM\Documents\GitHub\OCR features for Hackathon\data\extracted_crops\form_003\application_code.png
3,sample_form_003_legible.png,legible,phone_number,Primary Contact Number,Phone,True,9876543210,9876543210,True,1.0,APPROVED,C:\Users\SRIRAM\Documents\GitHub\OCR features for Hackathon\data\extracted_crops\form_003\phone_number.png
3,sample_form_003_legible.png,legible,declaration_text,Handwritten Declaration & Confirmation,Handwriting,False,I confirm submission of official verification documents.,Dreamtime submission of official verification documents.,False,0.7247,FLAGGED,C:\Users\SRIRAM\Documents\GitHub\OCR features for Hackathon\data\extracted_crops\form_003\declaration_text.png
4,sample_form_004_difficult.png,difficult,applicant_name,Applicant Full Name (Block Letters),Name,True,MEERA IYER,MEERA IYER,True,1.0,APPROVED,C:\Users\SRIRAM\Documents\GitHub\OCR features for Hackathon\data\extracted_crops\form_004\applicant_name.png
4,sample_form_004_difficult.png,difficult,date_of_birth,Date of Birth (DD/MM/YYYY),Date,True,30/03/1979,30/03/1979,True,1.0,APPROVED,C:\Users\SRIRAM\Documents\GitHub\OCR features for Hackathon\data\extracted_crops\form_004\date_of_birth.png
4,sample_form_004_difficult.png,difficult,postal_pin,Postal PIN Code,Pin,True,600028,600028,True,1.0,APPROVED,C:\Users\SRIRAM\Documents\GitHub\OCR features for Hackathon\data\extracted_crops\form_004\postal_pin.png
4,sample_form_004_difficult.png,difficult,application_code,Application Tracking Code,Code,True,ADM-5026,ADM-5026,True,1.0,APPROVED,C:\Users\SRIRAM\Documents\GitHub\OCR features for Hackathon\data\extracted_crops\form_004\application_code.png
4,sample_form_004_difficult.png,difficult,phone_number,Primary Contact Number,Phone,True,9444123890,9444123890,True,1.0,APPROVED,C:\Users\SRIRAM\Documents\GitHub\OCR features for Hackathon\data\extracted_crops\form_004\phone_number.png
4,sample_form_004_difficult.png,difficult,declaration_text,Handwritten Declaration & Confirmation,Handwriting,False,The information given above is complete to my knowledge.,I'me information given above to my knowledge,False,0.8069,FLAGGED,C:\Users\SRIRAM\Documents\GitHub\OCR features for Hackathon\data\extracted_crops\form_004\declaration_text.png
5,sample_form_005_difficult.png,difficult,applicant_name,Applicant Full Name (Block Letters),Name,True,VIKRAM JOSHI,VIKRAM JOSHI,True,0.9995,APPROVED,C:\Users\SRIRAM\Documents\GitHub\OCR features for Hackathon\data\extracted_crops\form_005\applicant_name.png
5,sample_form_005_difficult.png,difficult,date_of_birth,Date of Birth (DD/MM/YYYY),Date,True,18/09/1992,18/09/1992,True,1.0,APPROVED,C:\Users\SRIRAM\Documents\GitHub\OCR features for Hackathon\data\extracted_crops\form_005\date_of_birth.png
5,sample_form_005_difficult.png,difficult,postal_pin,Postal PIN Code,Pin,True,500081,500081,True,1.0,APPROVED,C:\Users\SRIRAM\Documents\GitHub\OCR features for Hackathon\data\extracted_crops\form_005\postal_pin.png
5,sample_form_005_difficult.png,difficult,application_code,Application Tracking Code,Code,True,JIG-9180,JIG-9180,True,0.9999,APPROVED,C:\Users\SRIRAM\Documents\GitHub\OCR features for Hackathon\data\extracted_crops\form_005\application_code.png
5,sample_form_005_difficult.png,difficult,phone_number,Primary Contact Number,Phone,True,9000112233,9000112233,True,1.0,APPROVED,C:\Users\SRIRAM\Documents\GitHub\OCR features for Hackathon\data\extracted_crops\form_005\phone_number.png
5,sample_form_005_difficult.png,difficult,declaration_text,Handwritten Declaration & Confirmation,Handwriting,False,I hereby certify my identity and postal location.,I merely certainly my identity and postal location.,False,0.6358,FLAGGED,C:\Users\SRIRAM\Documents\GitHub\OCR features for Hackathon\data\extracted_crops\form_005\declaration_text.png
