field_id,field_type,ground_truth,is_comb_box,image_path,num_chars
1,date,02/06/1984,False,C:\Users\SRIRAM\Documents\GitHub\OCR features for Hackathon\data\form_fields\field_0001_date.png,10
2,date,18/09/1987,False,C:\Users\SRIRAM\Documents\GitHub\OCR features for Hackathon\data\form_fields\field_0002_date.png,10
3,date,11/05/2022,True,C:\Users\SRIRAM\Documents\GitHub\OCR features for Hackathon\data\form_fields\field_0003_date.png,10
4,date,18-08-1972,False,C:\Users\SRIRAM\Documents\GitHub\OCR features for Hackathon\data\form_fields\field_0004_date.png,10
5,code,ELQ-7177,True,C:\Users\SRIRAM\Documents\GitHub\OCR features for Hackathon\data\form_fields\field_0005_code.png,8
6,code,ZL-9234,True,C:\Users\SRIRAM\Documents\GitHub\OCR features for Hackathon\data\form_fields\field_0006_code.png,7
7,pin,131437,False,C:\Users\SRIRAM\Documents\GitHub\OCR features for Hackathon\data\form_fields\field_0007_pin.png,6
8,date,04-02-1997,True,C:\Users\SRIRAM\Documents\GitHub\OCR features for Hackathon\data\form_fields\field_0008_date.png,10
9,pin,209517,True,C:\Users\SRIRAM\Documents\GitHub\OCR features for Hackathon\data\form_fields\field_0009_pin.png,6
10,pin,587832,True,C:\Users\SRIRAM\Documents\GitHub\OCR features for Hackathon\data\form_fields\field_0010_pin.png,6
11,code,RP-2276,True,C:\Users\SRIRAM\Documents\GitHub\OCR features for Hackathon\data\form_fields\field_0011_code.png,7
12,pin,690477,True,C:\Users\SRIRAM\Documents\GitHub\OCR features for Hackathon\data\form_fields\field_0012_pin.png,6
13,code,DL-1887,True,C:\Users\SRIRAM\Documents\GitHub\OCR features for Hackathon\data\form_fields\field_0013_code.png,7
14,pin,674450,True,C:\Users\SRIRAM\Documents\GitHub\OCR features for Hackathon\data\form_fields\field_0014_pin.png,6
15,code,GQ-1678,True,C:\Users\SRIRAM\Documents\GitHub\OCR features for Hackathon\data\form_fields\field_0015_code.png,7
16,pin,880025,False,C:\Users\SRIRAM\Documents\GitHub\OCR features for Hackathon\data\form_fields\field_0016_pin.png,6
17,date,25/04/1996,True,C:\Users\SRIRAM\Documents\GitHub\OCR features for Hackathon\data\form_fields\field_0017_date.png,10
18,pin,986411,False,C:\Users\SRIRAM\Documents\GitHub\OCR features for Hackathon\data\form_fields\field_0018_pin.png,6
19,code,FTP-9840,True,C:\Users\SRIRAM\Documents\GitHub\OCR features for Hackathon\data\form_fields\field_0019_code.png,8
20,date,28-07-2006,False,C:\Users\SRIRAM\Documents\GitHub\OCR features for Hackathon\data\form_fields\field_0020_date.png,10
21,date,07/02/2015,True,C:\Users\SRIRAM\Documents\GitHub\OCR features for Hackathon\data\form_fields\field_0021_date.png,10
22,date,05-09-1976,True,C:\Users\SRIRAM\Documents\GitHub\OCR features for Hackathon\data\form_fields\field_0022_date.png,10
23,date,02/03/1970,True,C:\Users\SRIRAM\Documents\GitHub\OCR features for Hackathon\data\form_fields\field_0023_date.png,10
24,date,12-11-2015,False,C:\Users\SRIRAM\Documents\GitHub\OCR features for Hackathon\data\form_fields\field_0024_date.png,10
25,date,12-08-1990,False,C:\Users\SRIRAM\Documents\GitHub\OCR features for Hackathon\data\form_fields\field_0025_date.png,10
26,pin,929872,True,C:\Users\SRIRAM\Documents\GitHub\OCR features for Hackathon\data\form_fields\field_0026_pin.png,6
27,pin,571863,False,C:\Users\SRIRAM\Documents\GitHub\OCR features for Hackathon\data\form_fields\field_0027_pin.png,6
28,code,PKU-7972,False,C:\Users\SRIRAM\Documents\GitHub\OCR features for Hackathon\data\form_fields\field_0028_code.png,8
29,pin,347438,False,C:\Users\SRIRAM\Documents\GitHub\OCR features for Hackathon\data\form_fields\field_0029_pin.png,6
30,date,12/06/1982,True,C:\Users\SRIRAM\Documents\GitHub\OCR features for Hackathon\data\form_fields\field_0030_date.png,10
31,date,18-07-1986,True,C:\Users\SRIRAM\Documents\GitHub\OCR features for Hackathon\data\form_fields\field_0031_date.png,10
32,pin,985392,True,C:\Users\SRIRAM\Documents\GitHub\OCR features for Hackathon\data\form_fields\field_0032_pin.png,6
33,pin,723792,True,C:\Users\SRIRAM\Documents\GitHub\OCR features for Hackathon\data\form_fields\field_0033_pin.png,6
34,pin,843465,True,C:\Users\SRIRAM\Documents\GitHub\OCR features for Hackathon\data\form_fields\field_0034_pin.png,6
35,code,QI-8407,False,C:\Users\SRIRAM\Documents\GitHub\OCR features for Hackathon\data\form_fields\field_0035_code.png,7
36,pin,826923,False,C:\Users\SRIRAM\Documents\GitHub\OCR features for Hackathon\data\form_fields\field_0036_pin.png,6
37,pin,685057,True,C:\Users\SRIRAM\Documents\GitHub\OCR features for Hackathon\data\form_fields\field_0037_pin.png,6
38,code,COO-8370,False,C:\Users\SRIRAM\Documents\GitHub\OCR features for Hackathon\data\form_fields\field_0038_code.png,8
39,date,10/05/2011,False,C:\Users\SRIRAM\Documents\GitHub\OCR features for Hackathon\data\form_fields\field_0039_date.png,10
40,code,KV-3783,True,C:\Users\SRIRAM\Documents\GitHub\OCR features for Hackathon\data\form_fields\field_0040_code.png,7
41,pin,752076,False,C:\Users\SRIRAM\Documents\GitHub\OCR features for Hackathon\data\form_fields\field_0041_pin.png,6
42,date,03/01/1993,False,C:\Users\SRIRAM\Documents\GitHub\OCR features for Hackathon\data\form_fields\field_0042_date.png,10
43,date,10-10-1999,False,C:\Users\SRIRAM\Documents\GitHub\OCR features for Hackathon\data\form_fields\field_0043_date.png,10
44,pin,862166,True,C:\Users\SRIRAM\Documents\GitHub\OCR features for Hackathon\data\form_fields\field_0044_pin.png,6
45,pin,275022,True,C:\Users\SRIRAM\Documents\GitHub\OCR features for Hackathon\data\form_fields\field_0045_pin.png,6
46,date,23-09-1984,True,C:\Users\SRIRAM\Documents\GitHub\OCR features for Hackathon\data\form_fields\field_0046_date.png,10
47,code,PRJ-7501,False,C:\Users\SRIRAM\Documents\GitHub\OCR features for Hackathon\data\form_fields\field_0047_code.png,8
48,date,15/12/1996,True,C:\Users\SRIRAM\Documents\GitHub\OCR features for Hackathon\data\form_fields\field_0048_date.png,10
49,pin,570944,False,C:\Users\SRIRAM\Documents\GitHub\OCR features for Hackathon\data\form_fields\field_0049_pin.png,6
50,pin,314428,False,C:\Users\SRIRAM\Documents\GitHub\OCR features for Hackathon\data\form_fields\field_0050_pin.png,6
51,pin,528859,False,C:\Users\SRIRAM\Documents\GitHub\OCR features for Hackathon\data\form_fields\field_0051_pin.png,6
52,code,RQ-4583,False,C:\Users\SRIRAM\Documents\GitHub\OCR features for Hackathon\data\form_fields\field_0052_code.png,7
53,date,31/10/2021,True,C:\Users\SRIRAM\Documents\GitHub\OCR features for Hackathon\data\form_fields\field_0053_date.png,10
54,date,14/01/1970,True,C:\Users\SRIRAM\Documents\GitHub\OCR features for Hackathon\data\form_fields\field_0054_date.png,10
55,code,HH-9151,False,C:\Users\SRIRAM\Documents\GitHub\OCR features for Hackathon\data\form_fields\field_0055_code.png,7
56,pin,552805,True,C:\Users\SRIRAM\Documents\GitHub\OCR features for Hackathon\data\form_fields\field_0056_pin.png,6
57,code,GP-7978,False,C:\Users\SRIRAM\Documents\GitHub\OCR features for Hackathon\data\form_fields\field_0057_code.png,7
58,pin,379746,True,C:\Users\SRIRAM\Documents\GitHub\OCR features for Hackathon\data\form_fields\field_0058_pin.png,6
59,date,17-06-2004,False,C:\Users\SRIRAM\Documents\GitHub\OCR features for Hackathon\data\form_fields\field_0059_date.png,10
60,pin,772203,True,C:\Users\SRIRAM\Documents\GitHub\OCR features for Hackathon\data\form_fields\field_0060_pin.png,6
61,date,16/07/1970,True,C:\Users\SRIRAM\Documents\GitHub\OCR features for Hackathon\data\form_fields\field_0061_date.png,10
62,date,06-10-2006,False,C:\Users\SRIRAM\Documents\GitHub\OCR features for Hackathon\data\form_fields\field_0062_date.png,10
63,pin,537830,True,C:\Users\SRIRAM\Documents\GitHub\OCR features for Hackathon\data\form_fields\field_0063_pin.png,6
64,pin,626151,False,C:\Users\SRIRAM\Documents\GitHub\OCR features for Hackathon\data\form_fields\field_0064_pin.png,6
65,code,GJ-3206,True,C:\Users\SRIRAM\Documents\GitHub\OCR features for Hackathon\data\form_fields\field_0065_code.png,7
66,date,22-02-1973,False,C:\Users\SRIRAM\Documents\GitHub\OCR features for Hackathon\data\form_fields\field_0066_date.png,10
67,pin,375302,False,C:\Users\SRIRAM\Documents\GitHub\OCR features for Hackathon\data\form_fields\field_0067_pin.png,6
68,date,31/01/2026,False,C:\Users\SRIRAM\Documents\GitHub\OCR features for Hackathon\data\form_fields\field_0068_date.png,10
69,code,SYM-7598,True,C:\Users\SRIRAM\Documents\GitHub\OCR features for Hackathon\data\form_fields\field_0069_code.png,8
70,code,HUF-8792,True,C:\Users\SRIRAM\Documents\GitHub\OCR features for Hackathon\data\form_fields\field_0070_code.png,8
71,code,BPD-4571,False,C:\Users\SRIRAM\Documents\GitHub\OCR features for Hackathon\data\form_fields\field_0071_code.png,8
72,date,26/10/2000,False,C:\Users\SRIRAM\Documents\GitHub\OCR features for Hackathon\data\form_fields\field_0072_date.png,10
73,code,FE-4734,False,C:\Users\SRIRAM\Documents\GitHub\OCR features for Hackathon\data\form_fields\field_0073_code.png,7
74,pin,938926,True,C:\Users\SRIRAM\Documents\GitHub\OCR features for Hackathon\data\form_fields\field_0074_pin.png,6
75,code,KMD-8373,True,C:\Users\SRIRAM\Documents\GitHub\OCR features for Hackathon\data\form_fields\field_0075_code.png,8
76,code,OL-5272,False,C:\Users\SRIRAM\Documents\GitHub\OCR features for Hackathon\data\form_fields\field_0076_code.png,7
77,date,31-06-2008,False,C:\Users\SRIRAM\Documents\GitHub\OCR features for Hackathon\data\form_fields\field_0077_date.png,10
78,date,29-03-2018,True,C:\Users\SRIRAM\Documents\GitHub\OCR features for Hackathon\data\form_fields\field_0078_date.png,10
79,code,NY-4463,False,C:\Users\SRIRAM\Documents\GitHub\OCR features for Hackathon\data\form_fields\field_0079_code.png,7
80,date,12/01/2009,False,C:\Users\SRIRAM\Documents\GitHub\OCR features for Hackathon\data\form_fields\field_0080_date.png,10
81,code,KX-3835,True,C:\Users\SRIRAM\Documents\GitHub\OCR features for Hackathon\data\form_fields\field_0081_code.png,7
82,code,WK-3407,True,C:\Users\SRIRAM\Documents\GitHub\OCR features for Hackathon\data\form_fields\field_0082_code.png,7
83,date,23-11-1990,False,C:\Users\SRIRAM\Documents\GitHub\OCR features for Hackathon\data\form_fields\field_0083_date.png,10
84,pin,706381,False,C:\Users\SRIRAM\Documents\GitHub\OCR features for Hackathon\data\form_fields\field_0084_pin.png,6
85,code,OAM-6591,True,C:\Users\SRIRAM\Documents\GitHub\OCR features for Hackathon\data\form_fields\field_0085_code.png,8
86,pin,799182,True,C:\Users\SRIRAM\Documents\GitHub\OCR features for Hackathon\data\form_fields\field_0086_pin.png,6
87,code,DOZ-4245,True,C:\Users\SRIRAM\Documents\GitHub\OCR features for Hackathon\data\form_fields\field_0087_code.png,8
88,pin,345402,False,C:\Users\SRIRAM\Documents\GitHub\OCR features for Hackathon\data\form_fields\field_0088_pin.png,6
89,date,03/05/2007,True,C:\Users\SRIRAM\Documents\GitHub\OCR features for Hackathon\data\form_fields\field_0089_date.png,10
90,code,ZHA-3107,False,C:\Users\SRIRAM\Documents\GitHub\OCR features for Hackathon\data\form_fields\field_0090_code.png,8
91,pin,743842,True,C:\Users\SRIRAM\Documents\GitHub\OCR features for Hackathon\data\form_fields\field_0091_pin.png,6
92,pin,927103,False,C:\Users\SRIRAM\Documents\GitHub\OCR features for Hackathon\data\form_fields\field_0092_pin.png,6
93,pin,451561,False,C:\Users\SRIRAM\Documents\GitHub\OCR features for Hackathon\data\form_fields\field_0093_pin.png,6
94,code,EYJ-1479,True,C:\Users\SRIRAM\Documents\GitHub\OCR features for Hackathon\data\form_fields\field_0094_code.png,8
95,pin,322711,True,C:\Users\SRIRAM\Documents\GitHub\OCR features for Hackathon\data\form_fields\field_0095_pin.png,6
96,pin,555641,False,C:\Users\SRIRAM\Documents\GitHub\OCR features for Hackathon\data\form_fields\field_0096_pin.png,6
97,date,28/10/1971,False,C:\Users\SRIRAM\Documents\GitHub\OCR features for Hackathon\data\form_fields\field_0097_date.png,10
98,pin,224060,True,C:\Users\SRIRAM\Documents\GitHub\OCR features for Hackathon\data\form_fields\field_0098_pin.png,6
99,pin,733135,True,C:\Users\SRIRAM\Documents\GitHub\OCR features for Hackathon\data\form_fields\field_0099_pin.png,6
100,pin,468304,False,C:\Users\SRIRAM\Documents\GitHub\OCR features for Hackathon\data\form_fields\field_0100_pin.png,6
101,pin,462155,True,C:\Users\SRIRAM\Documents\GitHub\OCR features for Hackathon\data\form_fields\field_0101_pin.png,6
102,code,XSV-6292,True,C:\Users\SRIRAM\Documents\GitHub\OCR features for Hackathon\data\form_fields\field_0102_code.png,8
103,pin,878068,False,C:\Users\SRIRAM\Documents\GitHub\OCR features for Hackathon\data\form_fields\field_0103_pin.png,6
104,code,FJN-2469,False,C:\Users\SRIRAM\Documents\GitHub\OCR features for Hackathon\data\form_fields\field_0104_code.png,8
105,code,AT-2808,True,C:\Users\SRIRAM\Documents\GitHub\OCR features for Hackathon\data\form_fields\field_0105_code.png,7
106,pin,939833,False,C:\Users\SRIRAM\Documents\GitHub\OCR features for Hackathon\data\form_fields\field_0106_pin.png,6
107,pin,844256,False,C:\Users\SRIRAM\Documents\GitHub\OCR features for Hackathon\data\form_fields\field_0107_pin.png,6
108,code,LG-5558,False,C:\Users\SRIRAM\Documents\GitHub\OCR features for Hackathon\data\form_fields\field_0108_code.png,7
109,code,JZW-6393,True,C:\Users\SRIRAM\Documents\GitHub\OCR features for Hackathon\data\form_fields\field_0109_code.png,8
110,code,EDI-1119,True,C:\Users\SRIRAM\Documents\GitHub\OCR features for Hackathon\data\form_fields\field_0110_code.png,8
111,code,KTJ-5467,False,C:\Users\SRIRAM\Documents\GitHub\OCR features for Hackathon\data\form_fields\field_0111_code.png,8
112,code,RBS-3612,True,C:\Users\SRIRAM\Documents\GitHub\OCR features for Hackathon\data\form_fields\field_0112_code.png,8
113,date,02/05/2011,False,C:\Users\SRIRAM\Documents\GitHub\OCR features for Hackathon\data\form_fields\field_0113_date.png,10
114,date,01-12-2018,False,C:\Users\SRIRAM\Documents\GitHub\OCR features for Hackathon\data\form_fields\field_0114_date.png,10
115,code,JFK-9904,True,C:\Users\SRIRAM\Documents\GitHub\OCR features for Hackathon\data\form_fields\field_0115_code.png,8
116,code,WU-3949,True,C:\Users\SRIRAM\Documents\GitHub\OCR features for Hackathon\data\form_fields\field_0116_code.png,7
117,date,01-04-1989,False,C:\Users\SRIRAM\Documents\GitHub\OCR features for Hackathon\data\form_fields\field_0117_date.png,10
118,code,RJ-1680,False,C:\Users\SRIRAM\Documents\GitHub\OCR features for Hackathon\data\form_fields\field_0118_code.png,7
119,code,RGT-8777,False,C:\Users\SRIRAM\Documents\GitHub\OCR features for Hackathon\data\form_fields\field_0119_code.png,8
120,code,RCZ-3522,False,C:\Users\SRIRAM\Documents\GitHub\OCR features for Hackathon\data\form_fields\field_0120_code.png,8
121,date,20-07-1971,True,C:\Users\SRIRAM\Documents\GitHub\OCR features for Hackathon\data\form_fields\field_0121_date.png,10
122,date,18/09/1976,True,C:\Users\SRIRAM\Documents\GitHub\OCR features for Hackathon\data\form_fields\field_0122_date.png,10
123,pin,704650,True,C:\Users\SRIRAM\Documents\GitHub\OCR features for Hackathon\data\form_fields\field_0123_pin.png,6
124,date,30-09-2015,False,C:\Users\SRIRAM\Documents\GitHub\OCR features for Hackathon\data\form_fields\field_0124_date.png,10
125,date,17-07-2004,False,C:\Users\SRIRAM\Documents\GitHub\OCR features for Hackathon\data\form_fields\field_0125_date.png,10
126,code,YSP-2622,True,C:\Users\SRIRAM\Documents\GitHub\OCR features for Hackathon\data\form_fields\field_0126_code.png,8
127,pin,386327,False,C:\Users\SRIRAM\Documents\GitHub\OCR features for Hackathon\data\form_fields\field_0127_pin.png,6
128,pin,694704,True,C:\Users\SRIRAM\Documents\GitHub\OCR features for Hackathon\data\form_fields\field_0128_pin.png,6
129,code,YG-8512,False,C:\Users\SRIRAM\Documents\GitHub\OCR features for Hackathon\data\form_fields\field_0129_code.png,7
130,pin,105981,True,C:\Users\SRIRAM\Documents\GitHub\OCR features for Hackathon\data\form_fields\field_0130_pin.png,6
131,date,11-12-1977,True,C:\Users\SRIRAM\Documents\GitHub\OCR features for Hackathon\data\form_fields\field_0131_date.png,10
132,date,04-02-2015,False,C:\Users\SRIRAM\Documents\GitHub\OCR features for Hackathon\data\form_fields\field_0132_date.png,10
133,code,YPH-3522,True,C:\Users\SRIRAM\Documents\GitHub\OCR features for Hackathon\data\form_fields\field_0133_code.png,8
134,pin,160946,False,C:\Users\SRIRAM\Documents\GitHub\OCR features for Hackathon\data\form_fields\field_0134_pin.png,6
135,date,09-02-1978,False,C:\Users\SRIRAM\Documents\GitHub\OCR features for Hackathon\data\form_fields\field_0135_date.png,10
136,pin,400488,False,C:\Users\SRIRAM\Documents\GitHub\OCR features for Hackathon\data\form_fields\field_0136_pin.png,6
137,pin,201879,False,C:\Users\SRIRAM\Documents\GitHub\OCR features for Hackathon\data\form_fields\field_0137_pin.png,6
138,date,14/10/1999,False,C:\Users\SRIRAM\Documents\GitHub\OCR features for Hackathon\data\form_fields\field_0138_date.png,10
139,code,MTQ-4555,False,C:\Users\SRIRAM\Documents\GitHub\OCR features for Hackathon\data\form_fields\field_0139_code.png,8
140,pin,261281,False,C:\Users\SRIRAM\Documents\GitHub\OCR features for Hackathon\data\form_fields\field_0140_pin.png,6
141,date,25/11/1979,False,C:\Users\SRIRAM\Documents\GitHub\OCR features for Hackathon\data\form_fields\field_0141_date.png,10
142,pin,992400,True,C:\Users\SRIRAM\Documents\GitHub\OCR features for Hackathon\data\form_fields\field_0142_pin.png,6
143,pin,117050,True,C:\Users\SRIRAM\Documents\GitHub\OCR features for Hackathon\data\form_fields\field_0143_pin.png,6
144,date,07/06/1982,True,C:\Users\SRIRAM\Documents\GitHub\OCR features for Hackathon\data\form_fields\field_0144_date.png,10
145,code,XNQ-8089,False,C:\Users\SRIRAM\Documents\GitHub\OCR features for Hackathon\data\form_fields\field_0145_code.png,8
146,date,02/06/2016,False,C:\Users\SRIRAM\Documents\GitHub\OCR features for Hackathon\data\form_fields\field_0146_date.png,10
147,date,01-04-1985,False,C:\Users\SRIRAM\Documents\GitHub\OCR features for Hackathon\data\form_fields\field_0147_date.png,10
148,code,HKY-9419,True,C:\Users\SRIRAM\Documents\GitHub\OCR features for Hackathon\data\form_fields\field_0148_code.png,8
149,pin,516576,True,C:\Users\SRIRAM\Documents\GitHub\OCR features for Hackathon\data\form_fields\field_0149_pin.png,6
150,date,15-09-1989,False,C:\Users\SRIRAM\Documents\GitHub\OCR features for Hackathon\data\form_fields\field_0150_date.png,10
