letter_size_cv,letter_area_cv,aspect_ratio_mean,aspect_ratio_std,baseline_drift_slope,baseline_drift_residual_norm,inter_component_gap_norm,inter_component_gap_cv,letter_collision_ratio,relative_height_ratio,trace_unsteadiness_mean,ink_density,component_count,label,dataset,filepath
0.3446393434362347,0.41392000127529444,0.5846101149489897,0.30828385260932245,0.008846439524042021,0.1198183287408284,0.7652173913043477,1.2485413895699404,0.0,1.6666666666666667,0.28433174635711445,0.0920997920997921,25.0,0,Malay,LPD (1).jpg
0.3414033284649999,0.53919551158973,0.5122182930815111,0.2332736823403358,0.0015237661789332005,0.20207340629357395,0.40987654320987654,1.083165363963523,0.07407407407407407,1.5466666666666666,0.361345298777479,0.09315814393939394,29.0,0,Malay,LPD (10).jpg
0.41748822521436496,0.5934545637967911,0.5841238967968808,0.25237589878502553,0.0019801604883583367,0.3966451213696638,0.5170370370370371,1.4928724236627628,0.14814814814814814,1.8880000000000001,0.29991489539294586,0.09403745072273324,29.0,0,Malay,LPD (100).jpg
0.47994019790508247,0.8233768099116631,0.6376616237127415,0.3043636092659735,0.08794815021322555,0.4382874423776117,1.2123552123552124,3.4798178424045547,0.14285714285714285,1.6947368421052662,0.29213602128989047,0.047345265473452657,75.0,0,Malay,LPD (101).jpg
0.46286458691941146,0.7712611632124019,0.6485025356926292,0.3426404226284831,0.004622370721366423,0.23113354397034191,1.1036209553158705,3.102244511005546,0.09322033898305085,1.9434782608695653,0.2981073519402278,0.07383653286794647,124.0,0,Malay,LPD (102).jpg
0.39719247065935603,0.5966733136343874,0.7108388322761356,0.2968167004068586,0.004855651556444955,0.3562390565800709,0.6046511627906976,1.4826755788327146,0.10344827586206896,1.6521739130434783,0.2529572859373246,0.1064327485380117,31.0,0,Malay,LPD (103).jpg
0.5928708145649485,1.1234638119594431,0.8164153064241321,0.49920908134784103,0.0038735263448475615,0.20639029534129935,3.204500978473581,2.461732753781399,0.0821917808219178,2.085714285714286,0.2810141018910811,0.04204187847978698,79.0,0,Malay,LPD (104).jpg
0.43270362918882566,0.5351126211052863,0.8807498993814937,0.4392284198067153,0.015274498301091363,0.278654223294249,1.552367941712204,3.0235437929997366,0.09016393442622951,2.0,0.26585849624665076,0.07041542489485558,128.0,0,Malay,LPD (105).jpg
0.2971609924408345,0.5128458842557649,0.4970492991939808,0.23702032658840275,0.00012939721556278969,0.029914622331955805,0.34188034188034183,1.1130538571376003,0.0,1.6666666666666667,0.2605029071523793,0.07497870485925398,28.0,0,Malay,LPD (106).jpg
0.30272766300264403,0.42183226638140503,0.6809132522326619,0.2783102438806316,0.006641562237748386,0.12128724359041494,0.9688552188552187,3.339593515439552,0.037037037037037035,1.7022222222222223,0.2859776517350954,0.04804336839065245,58.0,0,Malay,LPD (107).jpg
0.3133589222216739,0.43588465150594446,0.7057793093939562,0.31063459925222753,0.005205697705503397,0.10255582742044295,1.0751911639762108,2.922998505690066,0.0,1.6818181818181819,0.26742528058977527,0.06144865679136329,113.0,0,Malay,LPD (108).jpg
0.40415875252449407,0.4756122357109319,0.6008546632222763,0.30715904467400884,0.01321602113762287,0.3555709686634079,0.31196581196581197,1.1094011153034213,0.07692307692307693,1.7888888888888888,0.22378558378332652,0.09261680921750194,28.0,0,Malay,LPD (109).jpg
0.39366708526544747,0.5722795827446127,0.8242505165035422,0.41759948097054483,0.0031851765791874025,0.10356642155245549,1.0083333333333333,3.4903537781461473,0.04,1.55,0.28615577275917636,0.06785439967028233,55.0,0,Malay,LPD (11).jpg
0.3652969662774326,0.5035587027520824,0.6552740433242666,0.3055001459265654,0.043172262541508466,0.09495161643300375,0.8404088050314465,3.5241184050640353,0.018867924528301886,1.696,0.2522704888668796,0.057493806771263416,57.0,0,Malay,LPD (110).jpg
0.397532210742597,0.5570397436906996,0.7176645321593347,0.39993137549104685,0.006449209359482541,0.13707139890603223,1.0568535825545171,3.064141343109283,0.09345794392523364,1.84,0.26673201524362045,0.07024855396704137,113.0,0,Malay,LPD (111).jpg
0.37562547634023846,0.45389741337396816,0.5054079447176951,0.23724081167801603,0.002335524413562502,0.221384913725238,0.38095238095238093,1.3151301485755347,0.038461538461538464,1.6744186046511629,0.2912694569317866,0.09953184121079972,28.0,0,Malay,LPD (112).jpg
0.3959967064844595,0.5461125857095567,0.647985585211538,0.37926324022987856,0.003121980532748202,0.06563875227590138,0.8689236111111112,3.486263154783416,0.078125,1.8055555555555556,0.26497592944933807,0.0977922120526195,66.0,0,Malay,LPD (113).jpg
0.45663285704076634,0.6571961647734456,0.668911632668034,0.434997859994861,0.0030171411513808108,0.209436424970384,1.0150992234685075,3.0167096894745504,0.10655737704918032,1.894736842105263,0.28770739737274315,0.07886516105904645,126.0,0,Malay,LPD (114).jpg
0.46709936649691375,0.5865122424475211,0.4353257662566748,0.2812641565620244,0.010273497247425933,0.050719143083119526,0.5585714285714285,1.3506814947009347,0.0,2.1923076923076925,0.27549126752839326,0.07965467301145447,30.0,0,Malay,LPD (115).jpg
0.4471276868778706,0.8170266639796429,0.4483763489898872,0.2399640164711851,0.012414354852055297,0.2386893299844416,1.090347923681257,2.8564422062791004,0.12345679012345678,1.4545454545454546,0.2776997692092487,0.04023329830813042,86.0,0,Malay,LPD (116).jpg
0.48648208594417774,0.6685160767562969,0.46075655461425785,0.2785274229933318,0.004064764035067316,0.20982777847805115,0.9253246753246753,3.1575746426465154,0.1,2.104347826086958,0.27111337801362007,0.06834060636523567,144.0,0,Malay,LPD (117).jpg
0.41715433255262757,0.493089540471753,0.7011424959434106,0.4028717694787231,0.0034961723510583266,0.10073291624905369,0.8986486486486487,1.4364707076439145,0.041666666666666664,2.054054054054054,0.23916820266628525,0.06925975177304965,26.0,0,Malay,LPD (118).jpg
0.46538113725733615,0.5565168347781597,0.8701139059282468,0.4590664739594107,0.004189011813851916,0.2573224749976078,1.784313725490196,3.4190484824081335,0.1111111111111111,2.1411764705882352,0.25324346115426155,0.044014474558747504,67.0,0,Malay,LPD (119).jpg
0.40645944696882286,2.2050208738654105,0.9359358628406919,0.8309608146776162,0.003227681711299925,0.18458013322287234,1.1904109589041094,4.213240250860518,0.0410958904109589,1.7400000000000007,0.3634867749020758,0.09640522875816994,77.0,0,Malay,LPD (12).jpg
0.49617014668003084,0.6495520329451547,0.9730709939472755,0.5404267169612149,0.004446619502884743,0.21616765791312922,1.9350721420643728,2.6682948667697017,0.10377358490566038,2.341176470588236,0.27920714532542756,0.04966518849372162,112.0,0,Malay,LPD (120).jpg
0.44498279457146395,0.683919502143183,0.7602978840425841,0.4126614493546086,0.004358734753683986,0.30090468798717823,1.118279569892473,0.9165433842148059,0.12903225806451613,2.066666666666667,0.30074083121067163,0.05518233179250128,33.0,0,Malay,LPD (121).jpg
0.3610339252022517,0.6319611995583099,0.7179272754022852,0.4003339531097058,0.011497273744195818,0.20985656149664367,1.4911764705882353,3.403019435778079,0.08823529411764706,1.4838709677419355,0.288917727121204,0.027770783563528276,72.0,0,Malay,LPD (122).jpg
0.372177545758566,0.6289056565251663,0.7820596566158912,0.4188037030285635,0.004062665858423357,0.18319783736088657,1.6974358974358974,4.169343280387193,0.041666666666666664,1.6153846153846154,0.3139499027745725,0.02795856952900833,126.0,0,Malay,LPD (123).jpg
0.44113132274947425,0.6249931099236535,0.6387854022313953,0.4116328171600708,0.0037406822042510925,0.2801107353283175,0.7227564102564102,1.305926462722051,0.038461538461538464,1.9836734693877551,0.2452473860902402,0.06415191172696946,28.0,0,Malay,LPD (124).jpg
0.4681368834340732,0.6400494199139628,0.7128406167414224,0.43927906565242153,0.019262780098021525,0.34926355901860623,1.3904923599320882,2.3623742174874214,0.0967741935483871,2.0,0.3017920429425484,0.03784762775267015,66.0,0,Malay,LPD (125).jpg
0.43655878781969837,0.5465317965253166,0.6986480106536895,0.33400617421721046,0.00254853227500898,0.15947965280109616,1.1099415204678362,2.935553055246589,0.14035087719298245,1.9130434782608696,0.28701991743622934,0.053978627045924044,120.0,0,Malay,LPD (126).jpg
0.4342039357850637,0.9005550798789677,0.5531273120587379,0.3748961765136838,0.011893593804644137,0.25876351406070375,1.541958041958042,1.1221191022166241,0.09090909090909091,1.7692307692307692,0.23845849998836546,0.044361873990306944,24.0,0,Malay,LPD (127).jpg
0.35584068214674286,0.5017069653182238,0.5825060599621565,0.28220256822625706,0.0005393629965213779,0.026982337981466528,0.5402097902097902,1.3212328348372495,0.0,1.8,0.2465302356739213,0.0727748120710317,28.0,0,Malay,LPD (128).jpg
0.4625555325687498,0.6713692104932404,0.7388676486238622,0.33923904725155285,0.002425066002892901,0.3034337599844421,1.0881818181818181,3.6152264200388964,0.12727272727272726,2.15,0.31486734157187063,0.053488744525445796,59.0,0,Malay,LPD (129).jpg
0.4896502134819529,0.5820423070520919,0.628492634508143,0.42223581692085327,0.0007182561645990981,0.15887427079839012,0.6898148148148148,1.268752258851623,0.041666666666666664,2.2096774193548385,0.3093820675417855,0.05237655271532697,26.0,0,Malay,LPD (13).jpg
0.41506150456872437,0.5594061373811103,0.6930107142807912,0.3515344246800945,0.00048608535875615134,0.06077878888598313,0.476,1.0176050758467634,0.0,1.86,0.24709702224398117,0.09730261634637648,27.0,0,Malay,LPD (130).jpg
0.4061383381438577,0.6591223703917081,0.7156064807785527,0.35295829710355553,0.008820900036979289,0.10485213103479157,1.022549019607843,3.592844219351673,0.06666666666666667,2.0411764705882356,0.26380771211965476,0.04493367786391042,64.0,0,Malay,LPD (131).jpg
0.34793504124195,0.5716828570723117,0.6802661986591981,0.3645600110187119,0.001938612177276723,0.10560384589101773,1.1120689655172413,3.02791909996354,0.07758620689655173,1.6368421052631583,0.25891406212663853,0.07876733026314199,120.0,0,Malay,LPD (132).jpg
0.404426328744735,0.7979827776835408,0.7655045845270096,0.42587076158423215,0.007381525279492712,0.598558736882284,0.3637820512820513,1.2374934711006393,0.125,1.5535714285714286,0.24813594648062443,0.0976317396857127,26.0,0,Malay,LPD (133).jpg
0.3635373718645362,0.5271194290666208,0.7572550587985786,0.3307566012143508,0.012269396970595488,0.08342895924518458,1.0528301886792453,2.4797710345242114,0.05660377358490566,1.5766666666666669,0.23428457117685747,0.08240566166625679,58.0,0,Malay,LPD (134).jpg
0.36643368224025274,0.5580412467333925,0.8267888130687129,0.3703412312338348,0.01796190583062313,0.3194798593370943,0.6578947368421053,3.2781851624311384,0.08771929824561403,1.547368421052632,0.248022850735281,0.07490914639221018,120.0,0,Malay,LPD (135).jpg
0.510966554504512,0.5767710151221784,0.7051349809333837,0.3771040582106189,0.007576981674002896,0.22813629512323574,1.1362433862433863,2.903548487977953,0.05555555555555555,2.3714285714285714,0.29227783696050313,0.04887708063673729,57.0,0,Malay,LPD (14).jpg
0.5552760640585959,0.5533167500563204,0.6849943032462259,0.40485905799494504,0.006360275624503835,0.17644002394394134,1.7703703703703704,3.3269917033600027,0.08333333333333333,2.526923076923077,0.306489030284105,0.04689246590655041,114.0,0,Malay,LPD (15).jpg
0.5265208147430889,0.544731896499318,0.6805563212317771,0.432304459584009,0.0016130452898515664,0.06232986628870103,0.4248888888888889,1.1188381531955323,0.04,2.5531914893617023,0.2680139735769464,0.08736733539608078,28.0,0,Malay,LPD (16).jpg
0.54333547599984,0.5059321972337931,0.9772748300111788,0.5849255818401407,0.002848817682013368,0.13096114321416294,1.1272229822161421,4.1554915020854315,0.058823529411764705,2.590909090909091,0.2685719208514798,0.06489475866442282,55.0,0,Malay,LPD (17).jpg
0.5535237800043626,0.50175004429644,0.9405910435784132,0.5412752944916553,0.005360326677164073,0.1471879890689762,1.4944774851316907,3.05262239045393,0.04672897196261682,2.727272727272727,0.2817254926070387,0.06059432800295189,115.0,0,Malay,LPD (18).jpg
0.5077395817810648,0.7456528873071678,0.6153134035609248,0.27052919815054066,0.011038565458911156,0.3937895818980287,0.4807692307692308,1.5299673199124222,0.125,2.076923076923077,0.3796952232951567,0.09536340852130326,26.0,0,Malay,LPD (19).jpg
0.34330670889221016,0.4417134269441138,0.676453330349768,0.3168159363626214,0.004896591474584516,0.12997186718202497,1.489010989010989,3.1482416517825977,0.038461538461538464,1.8285714285714287,0.30816668362070226,0.07485465116279069,55.0,0,Malay,LPD (2).jpg
0.4666260322134177,0.7234762454445187,0.6847501951262837,0.3893879309058732,0.0016019241204437125,0.1336261960937653,1.0455465587044535,3.559574561414834,0.09615384615384616,2.263157894736842,0.3510900418573701,0.03918414918414918,56.0,0,Malay,LPD (20).jpg
0.48706110866784336,0.8070040102217924,0.672045349098016,0.4358054345790684,0.006334142991004609,0.19140018351203736,1.1371559633027524,3.5182754574777597,0.13761467889908258,2.2,0.32818832758700484,0.07977163929544882,113.0,0,Malay,LPD (21).jpg
0.5154360312068241,0.6200026807197877,0.5968081841401609,0.3675544349799487,0.0036289873008846815,0.4834494212180641,0.3142857142857143,1.2204260948849859,0.08,2.238095238095238,0.32645146695793675,0.06433823529411764,28.0,0,Malay,LPD (22).jpg
0.4994098494330263,0.6215430158169973,0.7941834003820647,0.4578327987132519,0.013319989592199802,0.10021581051643867,0.901669758812616,3.660156080805851,0.061224489795918366,2.3181818181818183,0.319548658774516,0.04408085517711946,53.0,0,Malay,LPD (23).jpg
0.5107167487956515,0.5657273868674628,0.6676898819416498,0.34603798116000395,0.00515640621098899,0.1403848827779555,0.9962809917355372,3.1085414306617767,0.06363636363636363,2.409090909090909,0.29761725656960997,0.07531870764719555,114.0,0,Malay,LPD (24).jpg
0.43765649158975417,0.5149244473732686,0.6150481302920129,0.3488662385555059,0.009734011925154638,0.3349490428276149,0.4967948717948718,1.2700340438053452,0.07692307692307693,2.1061224489795918,0.27496602695228367,0.07499274731650711,28.0,0,Malay,LPD (25).jpg
0.5276488971618096,0.6215516439447399,0.7251870027976589,0.3569601405254511,0.017015430566573016,0.3324125714309148,1.07905803195963,3.568722259242586,0.10344827586206896,2.341463414634146,0.2799665955792775,0.046921390278958024,62.0,0,Malay,LPD (26).jpg
0.5166625301890067,0.9944575595532021,0.7625091307113123,0.6219712507667279,0.009327975061599495,0.2963437927433601,1.675652545999144,2.474294887724629,0.11382113821138211,2.3157894736842106,0.2999381337028086,0.05704517939687431,131.0,0,Malay,LPD (27).jpg
0.283520877170439,0.6009336877196466,0.9631780895718485,0.6344133175786122,0.001175851785830073,0.13276829637248488,0.41369047619047616,1.30253581712307,0.09523809523809523,1.5625,0.19401464740183794,0.15944169207317074,22.0,0,Malay,LPD (28).jpg
0.2945549954084407,0.7160393938048354,0.9696095845551832,0.3925223865297944,0.0037307692932416862,0.17818791603914577,0.3997093023255814,1.16385225270036,0.023255813953488372,1.625,0.22002732826732957,0.16201117318435754,44.0,0,Malay,LPD (29).jpg
0.3957319666979102,0.437806913423339,0.8459782532354128,0.4338632570377729,0.006976179576801032,0.07264211584247102,1.6121212121212123,3.2754351350083954,0.0,1.8636363636363635,0.3001544523033876,0.07565626547795938,96.0,0,Malay,LPD (3).jpg
0.25221938051299475,0.4808182182682502,0.9497132446358307,0.34856739139661136,0.003919025032950867,0.18265189890416017,0.3316095669036846,1.3746740171585494,0.10989010989010989,1.411764705882353,0.2143563725450602,0.10956206311397568,93.0,0,Malay,LPD (30).jpg
0.2695138858901266,0.45183576106683054,0.46286486093987983,0.16950529124682906,0.005574825115061635,0.09016028126713058,0.3098958333333333,1.396956147108319,0.041666666666666664,1.45625,0.2568856049597243,0.13923072350038643,25.0,0,Malay,LPD (31).jpg
0.3009998907399745,0.4318172824396146,0.616623280951024,0.3061328171614486,0.010044780335745832,0.08709311035640892,0.7437457741717377,3.4852484882420343,0.058823529411764705,1.6551724137931034,0.27558307411771,0.0751983269781042,54.0,0,Malay,LPD (32).jpg
0.3481791531402567,0.4443099780326016,0.5587007928750867,0.25991799025789697,0.004320252805180626,0.05881383412936203,0.8463938973647711,3.1977372077719646,0.06796116504854369,1.7857142857142858,0.3013551439333092,0.06217382855873862,109.0,0,Malay,LPD (33).jpg
0.4444956843994407,0.6427373645156866,0.7038348003594653,0.5526111769106089,0.005731313543249737,0.33460190906108533,0.5009861932938856,1.290834355177559,0.19230769230769232,2.0,0.2785655709254341,0.08279457293753414,28.0,0,Malay,LPD (34).jpg
0.45361112848551904,0.6930566937121483,0.8766923273182226,0.48620049995718073,0.005902231870913817,0.14701213316482983,0.9908163265306122,3.626204081681692,0.22448979591836735,1.9900000000000002,0.3565630942256331,0.0433046416017687,53.0,0,Malay,LPD (35).jpg
0.44289526165800824,0.6750251172372792,0.7073739421481152,0.3653586329114105,0.0032701367327821677,0.1775356368922048,1.0097706032285472,3.076878740652001,0.19626168224299065,2.0,0.32975478352496623,0.08047548578046583,111.0,0,Malay,LPD (36).jpg
0.4835310489269516,0.52338160977702,0.7108109110982674,0.34790120699836763,0.011195319825116838,0.12626811730063045,0.7575757575757577,1.241813190459821,0.13636363636363635,2.3666666666666667,0.26666203294725244,0.06933649289099526,24.0,0,Malay,LPD (37).jpg
0.476636085349664,0.46738896482955655,0.712150284471513,0.32901580570308153,0.0041685852078174645,0.21473363260677575,1.5083333333333335,2.98310311334589,0.04,2.4166666666666665,0.2864838963791632,0.060848484848484846,52.0,0,Malay,LPD (38).jpg
0.47572937662881504,0.35571625296174797,0.7086517095263127,0.30717065465132465,0.0016580259039979954,0.11342466619487951,1.597938144329897,3.4529427503471988,0.05154639175257732,2.3076923076923075,0.28923821591688864,0.03875127801438903,101.0,0,Malay,LPD (39).jpg
0.4939075183454901,0.7754237688914601,0.6757273976023975,0.3214410951657704,0.004770927174651458,0.22446939080202424,0.6822742474916388,1.4055555175646943,0.08695652173913043,2.0,0.3873576305730913,0.07023026315789474,24.0,0,Malay,LPD (4).jpg
0.3246630265362331,0.5263422046026359,0.7144640689257634,0.39071286180665094,0.0015340631855835203,0.11747559675901299,0.6838235294117647,0.8945866066218606,0.0,1.5588235294117647,0.26141093035074314,0.07896582823930254,26.0,0,Malay,LPD (40).jpg
0.36422141527978263,1.515410628059872,0.9462545139622937,1.46789698765266,0.05134841926175331,0.16604228002787094,0.8617283950617284,1.5588998948068742,0.07407407407407407,1.6933333333333331,0.3050762173058404,0.04289639936958659,57.0,0,Malay,LPD (41).jpg
0.3726088087827385,1.7053596383812017,1.0023640951932224,1.580742941556836,0.004472183329873811,0.1912940373441952,1.3813892529488858,2.861218099257451,0.10091743119266056,1.6428571428571428,0.31225965253954746,0.0660128617363344,113.0,0,Malay,LPD (42).jpg
0.37513946816623306,0.5470506374520546,0.6196439530522629,0.33993586624201444,0.0006448894856012502,0.22948422898454107,0.5716666666666667,1.1012499669014395,0.0,1.6603773584905661,0.2501533740946766,0.10212833545108005,26.0,0,Malay,LPD (43).jpg
0.3702522495530472,0.48210055042865396,0.7155722374682687,0.5242535457893323,0.00401784189768511,0.1112020083981164,1.0401785714285714,3.393813290277762,0.0,1.68,0.2765599103412142,0.05539669189795346,59.0,0,Malay,LPD (44).jpg
0.36716476583454577,0.46610701385788395,0.6416841678108948,0.5295129192939149,0.0042035660685939445,0.29917828565198973,0.5949152542372882,2.6996182270697417,0.05084745762711865,1.6923076923076923,0.2740044145512996,0.0663521358033257,123.0,0,Malay,LPD (45).jpg
0.3573539277972007,0.5179600170375156,0.7157014852812157,0.33901225363040133,0.0008516927945372291,0.05770393488376496,0.4192546583850932,1.2705269312877912,0.043478260869565216,1.638709677419355,0.2514806869778126,0.12291879747153804,25.0,0,Malay,LPD (46).jpg
0.40745354980099197,0.7814956441921005,0.8390953720899309,0.4993526518748523,0.004483591100555751,0.17670435315964483,1.1422924901185771,3.351185616729537,0.08695652173913043,1.9590909090909092,0.2836310791502525,0.05931638272242299,50.0,0,Malay,LPD (47).jpg
0.3965409586354215,0.7714830452995971,0.660638856796034,0.4676290923406875,0.01084547985331324,0.05401587726325576,1.2528735632183907,2.694269386910097,0.04597701149425287,1.8518518518518519,0.30846296702623005,0.06552068085547366,93.0,0,Malay,LPD (48).jpg
0.3053323213991503,0.6399204398900807,0.7400604293865044,0.41728665972096723,0.0044365344779566706,0.07728613407419853,0.28536585365853656,1.4026211335457348,0.2,1.4622222222222225,0.23907295434157583,0.14368168979491588,22.0,0,Malay,LPD (49).jpg
0.5031923754478246,0.8283579936314246,0.848779482172071,0.458644476700798,0.009019334024709136,0.16713719479593359,1.5436720142602496,3.322788347274145,0.09803921568627451,2.1363636363636376,0.3358599556242546,0.04751354012801576,54.0,0,Malay,LPD (5).jpg
0.30237506822901916,0.5555008210571567,0.8027652989678599,0.34233123852714864,0.0022381320595608123,0.049760037782408895,1.1435793731041455,5.532549002382055,0.2608695652173913,1.568888888888889,0.24846839044183278,0.13497140641659397,48.0,0,Malay,LPD (50).jpg
0.3284218441164448,0.6289415117403614,0.8112402429964557,0.350343289834252,0.004404259549446983,0.05385155566529206,0.6843090082865544,4.24724721280958,0.27586206896551724,1.5909090909090908,0.25417657222736156,0.09896062161856822,91.0,0,Malay,LPD (51).jpg
0.4397383096410618,0.4887697637496074,0.806490463872972,0.4992142722746711,0.0035153054658515087,0.19127761872076293,0.626984126984127,1.1521769033998592,0.0,1.8095238095238095,0.23939644828077056,0.08179349625803033,26.0,0,Malay,LPD (52).jpg
0.4005802040776904,0.9476212083338742,0.9879098344010901,1.0853315346288988,0.007155347813446762,0.3025560243660038,1.2952488687782806,3.260910707674752,0.07692307692307693,1.7647058823529411,0.255179985323856,0.08622421998942359,54.0,0,Malay,LPD (53).jpg
0.37023704168531574,0.4975097091244503,0.848863464819363,0.46194580950962116,0.001549036256233038,0.17066581965086397,1.5034055727554179,3.56165331926082,0.010526315789473684,1.7647058823529411,0.27478558928224905,0.0641573994867408,99.0,0,Malay,LPD (54).jpg
0.3572983448140022,0.40658385294200317,0.8227938236692182,0.3826634113265388,0.004750410540491716,0.09243606828486679,0.43504901960784315,1.6246440716207629,0.20833333333333334,1.7246376811594204,0.2680610987201977,0.0741648357838995,26.0,0,Malay,LPD (55).jpg
0.4630856266183792,0.7795360127728385,0.7458660104931665,0.3410023566603144,0.0034445821126856163,0.2844043575674175,0.6938888888888889,4.300780229101655,0.3472222222222222,2.0240000000000005,0.29902422657719735,0.058820538029935754,75.0,0,Malay,LPD (56).jpg
0.5209380639492265,0.8816886173122703,0.706669060736116,0.3547279422113405,0.030245312271740758,0.34750476452795553,1.0422759059122695,2.7063149966487683,0.24475524475524477,1.7565217391304337,0.3000795538539976,0.047997749490118854,150.0,0,Malay,LPD (57).jpg
0.26048579735589256,0.4693610812799445,0.8324316563728196,0.3863001721020729,0.009697002229547188,0.07996561129188987,0.46578947368421053,1.128020963320076,0.05263157894736842,1.4195121951219514,0.23651190380797765,0.1727818853974122,20.0,0,Malay,LPD (58).jpg
0.318104290640178,2.0212401010807115,1.151599278043114,2.155746525300019,0.007615583230946458,0.15848607232184067,0.5576923076923077,1.391087650497775,0.1794871794871795,1.6,0.23878177965460673,0.1585139318885449,41.0,0,Malay,LPD (59).jpg
0.4585247858342848,0.6924811057925497,0.8059334135102502,0.45346857118038075,0.010248446658595948,0.2614565754379457,2.2827067669172934,1.9603960935658886,0.08571428571428572,1.863157894736844,0.29360106510306555,0.04771807727548825,112.0,0,Malay,LPD (6).jpg
0.30102607156665073,1.3045531978308875,1.027494908691755,1.7827194137900988,0.008889666825942602,0.14961801768306768,0.5727272727272728,3.247418883185885,0.24210526315789474,1.5909090909090908,0.25756234601305245,0.12558304371684653,98.0,0,Malay,LPD (60).jpg
0.4558648538714021,0.5657339491401783,0.6864714477406361,0.42746572473622546,0.006066674840262974,0.2625766603582739,0.6376811594202899,1.0791731122359598,0.043478260869565216,2.0272727272727273,0.2875097462784188,0.0772108843537415,25.0,0,Malay,LPD (61).jpg
0.4448107390990457,0.5693445501294454,0.8689932409576206,0.7810482737719018,0.008609968960634954,0.1006707504753918,1.2673913043478262,3.0140218198378186,0.043478260869565216,2.004878048780488,0.2981504323185864,0.04462898212898213,50.0,0,Malay,LPD (62).jpg
0.4814972312158081,0.6245580016995013,0.7170576921308617,0.3677309078617352,0.0473997685393315,0.20208540098701994,1.305764411027569,2.835414511322608,0.02857142857142857,2.1052631578947367,0.3007187917272705,0.04793958668120062,110.0,0,Malay,LPD (63).jpg
0.4797285911213201,0.6788948662135121,0.6181328202228866,0.46881386727292473,0.0036456796552733184,0.19268920338495193,0.46608695652173915,1.2155591694578702,0.08,2.130434782608696,0.25505957910081384,0.06904858299595142,27.0,0,Malay,LPD (64).jpg
0.473726035187571,0.6226496170966304,0.6718867335202158,0.3908836388623733,0.04201454170941294,0.10423674921037264,1.0170709793351302,3.462587649292462,0.09433962264150944,2.257142857142857,0.2561960266108863,0.04272560874147207,57.0,0,Malay,LPD (65).jpg
0.4834280562784404,0.5711022368527587,0.6620542656277753,0.39737276763270823,0.005800745841964547,0.26094495743552243,1.0813559322033899,3.158509740155606,0.059322033898305086,2.142857142857143,0.26400077634935476,0.06625599852344038,122.0,0,Malay,LPD (66).jpg
0.44085983764650655,0.5440698675654834,0.6605561879516415,0.43088775125381973,0.00535258560182261,0.08486308247087482,0.6032388663967612,1.3078813320281117,0.0,1.9947368421052634,0.3112219581519714,0.07004806476094105,28.0,0,Malay,LPD (67).jpg
0.39317831495800704,0.6425283573060973,0.6295857878097654,0.3530920088640737,0.013329058849546153,0.054150442904637774,1.050925925925926,3.4627540268582475,0.0,1.8722222222222225,0.29450026454040007,0.035438574786589135,64.0,0,Malay,LPD (68).jpg
0.4240052633263371,0.6559633080544445,0.5836376808641045,0.38487011920297615,0.0071705523045357475,0.135500245915383,1.140329218106996,3.1281796242025517,0.02962962962962963,1.9473684210526316,0.2776209422255401,0.045985050158672866,141.0,0,Malay,LPD (69).jpg
0.43292688565162274,0.53916433112974,0.8610596838416388,0.41134376852377064,0.0012907190636199653,0.1571062162424853,1.0964912280701753,0.9502841680255439,0.0,2.0,0.40627513439418145,0.07224376731301939,21.0,0,Malay,LPD (7).jpg
0.289953537260754,0.4775022149808474,0.7343260277609448,0.35737812481638026,5.0930247066372354e-05,0.14492929870205276,0.7560386473429951,1.2935628399551131,0.0,1.4736842105263157,0.26419178636082113,0.09141544645420614,25.0,0,Malay,LPD (70).jpg
0.2987044684878848,0.40372323677411837,0.9642957150794452,0.46441244649038477,0.022401135017159086,0.12070898189364511,1.4893867924528301,3.2323905600894776,0.03773584905660377,1.5875,0.25394100094980093,0.043918656194105295,57.0,0,Malay,LPD (71).jpg
0.2978402681678427,0.6300207300639757,1.07223555657147,2.1897680982734102,0.006706458975903637,0.15770169955338026,1.6639851485148516,2.858958374657265,0.009900990099009901,1.625,0.25107748715520245,0.05539974751106637,107.0,0,Malay,LPD (72).jpg
0.44319663803362386,0.6028651063513422,0.8746698492552095,0.48365553519734367,0.005790358610714439,0.12386358339258982,0.44534412955465585,1.168668098292643,0.11538461538461539,1.9,0.22809728502601972,0.09525710989839833,28.0,0,Malay,LPD (73).jpg
0.3423526807141509,0.4297201069990977,0.8463778468667583,0.3165811822238148,0.005728197493627337,0.0471429862440984,1.23125,3.258810769260055,0.041666666666666664,1.6,0.26744200556453807,0.04555352798053528,52.0,0,Malay,LPD (74).jpg
0.38001454536668816,0.44704674645792525,0.8532438414217571,0.3772029006698508,0.006162685787270375,0.10489036647424847,1.160648148148148,3.1137638327158315,0.037037037037037035,1.735,0.26852417357454755,0.06420671097642755,114.0,0,Malay,LPD (75).jpg
0.24646060399931022,0.44921594679314164,0.7144190504432858,0.30064613707829274,0.005935936644875723,0.055332928896290816,0.3977272727272727,0.8169963238578732,0.0,1.5,0.22498289114466158,0.0830146231721035,26.0,0,Malay,LPD (76).jpg
0.2616145310254646,0.6588987975844836,1.0598181673861924,1.7423418640841268,0.007030000031015333,0.04657369328299193,1.0333333333333332,3.3562848202442104,0.04,1.6047619047619048,0.2531111432881412,0.05056031799243331,54.0,0,Malay,LPD (77).jpg
0.29936384362324014,0.991093919897862,0.8111195979366644,0.4234771689662291,0.008707290662010625,0.12415077916519418,1.2940340909090908,3.946135701196043,0.03125,1.4590909090909094,0.2684568694001173,0.07556619987592926,100.0,0,Malay,LPD (78).jpg
0.3640576607614336,0.6734364109325256,0.7000168035249844,0.4235836128733662,0.009992902492363247,0.10218947972979148,0.509090909090909,1.2914060522688962,0.0,1.7909090909090912,0.27714678316742697,0.07922951961011836,27.0,0,Malay,LPD (79).jpg
0.44037472061513,0.6348526239450948,0.9564299347289431,0.49000349221003636,0.001620784412896813,0.25551601099756066,1.586620926243568,3.0799793193693485,0.1320754716981132,1.7818181818181813,0.29057252013924056,0.057926829268292686,57.0,0,Malay,LPD (8).jpg
0.35426233790508327,0.5649918548012482,0.8508907010626721,0.5093975018333006,0.005644527302656116,0.07424138327788887,1.4781746031746033,3.2271423888384496,0.041666666666666664,1.7999999999999998,0.2983447892434528,0.04345113860289402,52.0,0,Malay,LPD (80).jpg
0.42340216453582546,0.6385597586583126,0.7021890328784299,0.3991110164192298,0.002689277332702887,0.10213557278647371,1.1673183782671332,3.0617021823491037,0.11504424778761062,1.8681818181818186,0.2804721802217833,0.05924598770459203,120.0,0,Malay,LPD (81).jpg
0.45389058593030374,0.7246501455613187,0.6988746459007545,0.41501400465002225,0.0012009427021404731,0.3814283250831587,0.5073529411764706,1.2991037900895026,0.15625,1.8235294117647058,0.2732852387772088,0.0748717008797654,34.0,0,Malay,LPD (82).jpg
0.468464143084946,0.6043240248472207,1.0054416516852793,0.6622612770151229,0.008606248687771833,0.28708658457742847,1.2082494969818913,4.032218566112353,0.1267605633802817,2.0357142857142856,0.2685266846087702,0.04107864100736517,76.0,0,Malay,LPD (83).jpg
0.4414110919851904,0.6274815633802632,0.8865303548633893,0.47766372564246445,0.005919055218699862,0.2922506117210688,1.2073851438385572,3.0399742844896647,0.11678832116788321,1.9294117647058822,0.2871062883601421,0.05670259028171677,143.0,0,Malay,LPD (84).jpg
0.359233440882491,0.5699709659156206,0.7349749483064966,0.4047125538762959,0.0017092011597211086,0.072096499537801,0.3760330578512397,1.3476219847892108,0.09090909090909091,1.871111111111111,0.2742070902227431,0.09530474927557586,24.0,0,Malay,LPD (85).jpg
0.447080664896557,0.691439704590823,1.1409979208131382,0.7567411763859064,0.008757857470035638,0.07290389133258963,1.329004329004329,2.9443059025493414,0.09090909090909091,1.9767441860465116,0.32577672058433627,0.05723514975902546,36.0,0,Malay,LPD (86).jpg
0.4727357421259263,0.7480050565701947,1.1041183716955052,0.7398463832426616,0.004324922390118316,0.12621517789670736,1.1111111111111112,3.120260261001563,0.12048192771084337,2.0222222222222226,0.3245906324775861,0.08719074995155351,87.0,0,Malay,LPD (87).jpg
0.3424849844086981,0.6727329200247623,0.9218894311295887,0.4849096604802944,0.0006275626057398443,0.03544087462545091,0.31095890410958904,1.0429556121966077,0.05,1.5272727272727273,0.25097157710538953,0.1376071866067783,22.0,0,Malay,LPD (88).jpg
0.33241950270836435,0.6924996209997749,1.0450675996410965,0.5998635459020768,0.006527435407557237,0.2011150349726879,0.3466165413533835,1.146578321423632,0.05263157894736842,1.763157894736842,0.3037570446782829,0.12922366467470847,41.0,0,Malay,LPD (89).jpg
0.4679686777823202,0.6816984339051131,0.8350589947962518,0.38326255654874525,0.007072914679246353,0.08632566601778945,1.6204545454545454,2.597977877550836,0.0375,2.1818181818181817,0.31930915722141845,0.05523171439628483,86.0,0,Malay,LPD (9).jpg
0.2821553962151913,0.5182867545590498,0.9130121476362483,0.4990339812242293,0.0028625932429332443,0.0865143107141027,0.23311184939091914,1.3575253056827232,0.1511627906976744,1.5348837209302326,0.3160336801808036,0.12803037799327133,91.0,0,Malay,LPD (90).jpg
0.4159772616349014,0.8367601865001907,0.7346338055233451,0.4214329089566093,0.005676982015675423,0.3183001930323092,0.39279588336192106,1.573973837895362,0.13636363636363635,1.709090909090909,0.30826355262486627,0.11485835807720086,24.0,0,Malay,LPD (91).jpg
0.4388614849792735,0.7701702414412077,0.9720898126151837,0.5572576523319626,0.00928366818427652,0.22697021366515555,1.1891891891891893,3.518019247167884,0.32432432432432434,1.8888888888888888,0.34489171533061463,0.06100179355878454,41.0,0,Malay,LPD (92).jpg
0.440029868705456,0.8086791965291411,0.907717805744336,0.5553585500582907,0.006901039136048796,0.17285011606445702,1.1872659176029963,2.9780233474983344,0.16853932584269662,1.92,0.34188214990035887,0.0830784445307809,95.0,0,Malay,LPD (93).jpg
0.4076893697083392,0.5604642998044628,0.6175251586250846,0.34543876024635706,0.0050024868480554995,0.08530925263317746,0.5480769230769231,1.2467632606167431,0.0,1.8620689655172413,0.27964189211813784,0.08241512388836064,28.0,0,Malay,LPD (94).jpg
0.44045542789468284,0.6642805606873879,0.8123469152241413,0.38601370032399046,0.007098393287747144,0.14189287520792812,1.672,3.0017319943283733,0.02,2.12,0.30707441362569693,0.03994190268700073,54.0,0,Malay,LPD (95).jpg
0.38404979623048285,0.6192198063121968,0.6712769944811501,0.3233537203964602,0.002111042536993609,0.16856566969054507,1.121732903687791,2.9551512657467103,0.05263157894736842,1.803921568627451,0.2974930800335592,0.05847528680395084,120.0,0,Malay,LPD (96).jpg
0.3641730537305174,0.6275446130602576,0.7080921756000808,0.405532360190144,0.002306860526220205,0.042967724492420464,0.33421052631578946,0.8891364243619548,0.0,1.5443298969072166,0.2874240245670776,0.11267281105990784,22.0,0,Malay,LPD (97).jpg
0.42215591962698507,0.7986030300787804,0.6095857392644131,0.2743612070541931,0.014595359086822824,0.4631348972229312,0.4356060606060606,2.392550070784273,0.25757575757575757,1.611428571428572,0.30962902498894407,0.07647213690215006,69.0,0,Malay,LPD (98).jpg
0.39167344674921534,0.732113042617382,0.715930901489539,0.3926462314854,0.013862769863157121,0.26508420894940304,0.7241953385127635,2.6937869825898177,0.09433962264150944,1.726027397260274,0.3455522709861658,0.08302456554265322,112.0,0,Malay,LPD (99).jpg
0.21839619118912307,0.6137983658485738,0.8517113026263043,1.033219525431304,0.0016172340590613478,0.3051769249707605,0.3604896580835796,1.1676205302769374,0.13043478260869565,1.180327868852459,0.2948741210511983,0.1676149649259548,24.0,1,Malay,PD (1).jpg
0.39814728211947015,0.6440767862087906,0.612376050919706,0.2827261385377335,0.036142047551167615,0.2610367888751243,0.3560606060606061,1.120814229026887,0.08333333333333333,1.7647058823529413,0.2943105319329717,0.11986221663641018,25.0,1,Malay,PD (10).jpg
0.33020084618960266,0.3862092734819006,0.6522534197711481,0.34316441607532283,0.0009030579827413218,0.05329562410894921,0.864247311827957,1.0773183054233415,0.0,1.6428571428571428,0.2792752347022757,0.05444463849109326,26.0,1,Malay,PD (100).jpg
0.46345679497250536,0.5849345069511475,0.7619185998897406,0.3501903798566784,0.06497311543069968,0.11972257554169316,1.0318302387267904,1.2765457021299405,0.08620689655172414,1.9571428571428573,0.34009118193730625,0.051946609732332207,63.0,1,Malay,PD (101).jpg
0.39476339664375093,0.5014336514778482,0.7429426012405905,0.3597962561757425,0.020144925055543026,0.2898957968512596,1.2600985221674876,1.825427206141739,0.06666666666666667,1.84375,0.30317821616154156,0.06144611704300134,113.0,1,Malay,PD (102).jpg
0.35241111898376426,0.5672275302811243,0.7134450423047363,0.4266357997741064,0.00032478615297954904,0.08203360099252043,0.31857142857142856,0.6400314446617796,0.05,1.2586956521739132,0.2980347738339273,0.08805522208883554,22.0,1,Malay,PD (103).jpg
0.3528226650571665,0.6051424720988201,0.8092343911369538,0.47487096296133996,0.005634449959684776,0.17549321831362943,0.5901567944250872,4.159738450069321,0.19642857142857142,1.544186046511628,0.34522771350601233,0.0823930329420674,59.0,1,Malay,PD (104).jpg
0.34054038487890675,0.6076802776325463,0.6949337941094537,0.36137501967537744,0.04232386166126265,0.12270834635397025,0.32246039142590865,1.2559590991398906,0.08620689655172414,1.6,0.32330791610961407,0.09050618371175863,61.0,1,Malay,PD (105).jpg
0.35925441192349394,0.4998976836895875,0.4913694463758068,0.25628860465718384,0.007675842153578195,0.08651403778934896,0.2694736842105263,0.5642334401646184,0.0,1.5897435897435896,0.27242396713517264,0.10494117647058823,26.0,1,Malay,PD (106).jpg
0.3303360306612069,0.4973934907562334,0.5971190695742493,0.3981109826786152,0.015099956580056285,0.19820567311962273,0.42759094028826355,0.5790517180953096,0.0851063829787234,1.561764705882353,0.2809131877698961,0.03584668231132877,50.0,1,Malay,PD (107).jpg
0.2613006739346617,0.40477547731438224,0.6487483787665395,0.28047144367150884,0.00321692273489663,0.08805627890395035,0.43825000000000003,1.1138099822175427,0.04,1.372093023255814,0.2678367143009124,0.11953323332564043,104.0,1,Malay,PD (108).jpg
0.4727743886645112,0.864697315949403,0.8203806740793556,0.5589331652152706,0.06760031295088971,0.20990060720965734,0.569047619047619,1.0387529641127735,0.13333333333333333,1.5,0.2615159190839012,0.10582899740382855,32.0,1,Malay,PD (109).jpg
0.42386284006346536,0.5303534468981345,0.7271825690715685,0.28288061885483157,0.00884491550393361,0.20261895944715314,0.31937602627257805,1.280559206195389,0.047619047619047616,1.793103448275862,0.3439425290315754,0.04767733672355368,45.0,1,Malay,PD (11).jpg
0.3965974867951864,0.7421826213411273,0.852296492746158,0.5202265849080987,0.012061516904588274,0.40406282193751347,0.4494447691408533,1.0971856184918714,0.1864406779661017,1.5875,0.2962212476573334,0.10335833382546901,62.0,1,Malay,PD (110).jpg
0.3696295639801532,0.7593042113895647,1.018280765568455,0.6141455160266787,0.0047614504308262145,0.288990776250065,0.9591346153846154,2.9991463104746385,0.14583333333333334,1.4827586206896552,0.27515414101822205,0.09947283736291654,51.0,1,Malay,PD (111).jpg
0.3391054179374115,0.6940709948763942,0.7732862061412912,0.7094490229395987,0.009517133462864194,0.1495316413042182,0.3912630579297246,1.050407369279422,0.07692307692307693,1.4955555555555555,0.2718645481313716,0.074336377432839,28.0,1,Malay,PD (112).jpg
0.3676944421539456,0.590351069852873,0.8140991018470933,0.4323839071014783,0.007716911746280149,0.48972177177309284,0.3148433487416538,1.1541618870277908,0.1694915254237288,1.6082191780821917,0.26878385627060003,0.08576400361241437,62.0,1,Malay,PD (113).jpg
0.31376647257092893,0.5590618547693336,0.7914618365868624,0.583445723894231,0.00894675009589329,0.1797614126433739,0.2932330827067669,1.1608052250682255,0.11224489795918367,1.4700000000000002,0.27315528437189895,0.09930288955348116,102.0,1,Malay,PD (114).jpg
0.3520824089755723,0.5760112623246245,0.5787828956701615,0.2820670782885648,0.009846376559386784,0.21524352655623472,0.4762308998302207,1.5610241511973804,0.09210526315789473,1.475,0.28855696000590464,0.07673333845208845,79.0,1,Malay,PD (12).jpg
0.30413595888696365,0.4937855350251961,0.6251357633964554,0.28899073166088096,0.020181823365763265,0.19699547816309687,0.5277777777777778,1.0163836902907246,0.041666666666666664,1.6814814814814818,0.32096115913482043,0.09870848708487084,25.0,1,Malay,PD (13).jpg
0.342329778039994,1.2844780308660677,0.83694304194161,0.6318791325074473,0.007870087102367753,0.08156079775083573,0.44097222222222227,1.0728039437924355,0.027777777777777776,1.7,0.3239997693813603,0.10123212443899311,37.0,1,Malay,PD (14).jpg
0.35635897540535116,1.2397002480216244,1.0168127860289435,1.1855642156118407,0.007495084509636483,0.16754075496167659,0.7510466988727857,1.416631526442703,0.10144927536231885,1.565217391304348,0.3330137766883614,0.08932463295269168,71.0,1,Malay,PD (15).jpg
0.15154333977806866,0.5403749610231747,0.6456313114070051,0.38706674488509996,0.005311760960303542,0.07060935122973648,0.47519841269841273,0.617883537135804,0.0,1.214,0.3139900247340612,0.11969838671966332,22.0,1,Malay,PD (16).jpg
0.16781151903870412,0.4766862669312088,0.6156660181150644,0.32890330890225167,0.0010534294285293078,0.05410080668284928,0.34528301886792456,0.7890642265422046,0.075,1.1929824561403508,0.34301982486251203,0.10696399466587643,43.0,1,Malay,PD (17).jpg
0.24087740737726202,0.8360289652200616,0.7351693064321992,0.5496303235357469,0.024814587644986102,0.14164178237929662,0.7145071982281284,3.316071441455481,0.11627906976744186,1.1596638655462186,0.32871370909500897,0.11711924106844389,46.0,1,Malay,PD (18).jpg
0.2413720455050795,0.6264209448430004,0.6741339462826387,0.31962011042184535,0.006506530984071284,0.12072366173142814,0.5274599542334096,0.8802131552562976,0.0,1.278048780487805,0.2978157077210968,0.09314084608202255,24.0,1,Malay,PD (19).jpg
0.3631644301472386,1.1584125274396975,0.8286002909093224,0.8022405892014416,0.03380570169855892,0.1742404793319595,0.43890063424947146,1.951212652848584,0.11627906976744186,1.2655172413793105,0.37117337093736474,0.10219490781387182,47.0,1,Malay,PD (2).jpg
0.26277481695145044,0.6597139142437762,0.6591307469334562,0.40492889933568804,0.007335991648963943,0.16469897942432132,0.38846153846153847,0.7711127719310957,0.05,1.2619047619047619,0.3400803327913042,0.08459636869832356,42.0,1,Malay,PD (20).jpg
0.25654095259792525,0.313543066227577,0.7828714144373281,0.28836484672494145,0.0013573414121514187,0.15613172344820647,0.3187686196623634,0.8289121956115142,0.11320754716981132,1.315,0.2835653343359792,0.09987500822314321,55.0,1,Malay,PD (21).jpg
0.31167170242850895,0.5780153462707994,0.5980721954404745,0.3261725151179918,4.433465341373598e-05,0.25200357759255715,0.40726817042606517,0.7133154525953034,0.09523809523809523,1.377777777777778,0.3114992501729586,0.09818125770653514,22.0,1,Malay,PD (22).jpg
0.2550289565860335,0.6151385272139247,0.6338203453914748,0.3303414936569469,0.013830134358719695,0.30358548286421316,0.25,0.7349672476075024,0.08333333333333333,1.308108108108108,0.36275852515608453,0.1372007242974985,37.0,1,Malay,PD (23).jpg
0.3011026476642143,0.5277924684902676,0.6737659043499991,0.2552970658259319,0.005538821988377823,0.2190195493035647,0.2616892911010558,0.8442525303731108,0.0641025641025641,1.3859154929577469,0.2817094835447593,0.13250401473644435,80.0,1,Malay,PD (24).jpg
0.3147953379923025,0.5139181720264964,0.7614820821280887,0.3498346252928945,0.001386808523646039,0.4289609477581755,0.6599378881987578,0.9916886440723252,0.10714285714285714,1.3259259259259257,0.20180709826070337,0.17552674565266838,29.0,1,Malay,PD (25).jpg
0.43780560487310305,1.8325729854762196,1.2304087789014144,1.556151645575201,0.0362350612336274,0.18483532824650917,2.761904761904762,2.2293808376927715,0.19047619047619047,1.9288135593220337,0.29815791313848605,0.12191167075074201,24.0,1,Malay,PD (26).jpg
0.43415881604664025,1.9650277306037893,1.4840316012647123,2.231796768775066,0.0367598407348542,0.2594600525220286,2.2044534412955468,1.8948963272453054,0.13157894736842105,1.6646153846153848,0.29952801249962147,0.15341013389107375,44.0,1,Malay,PD (27).jpg
0.3831448812133603,1.0752643345350585,0.7608946251748222,0.6170042474673528,0.04481560506392642,0.5341846631397862,0.4322916666666667,1.006366726157185,0.3333333333333333,1.2962264150943397,0.3569371316213992,0.08714761170317628,14.0,1,Malay,PD (28).jpg
0.4604349848837893,1.5279051920410782,1.2178813449530388,1.5049661308932683,0.06713445294138119,0.2511716976711816,1.1156728576083415,1.5560315712760877,0.25806451612903225,1.666666666666667,0.35253660888398747,0.0854013199331818,35.0,1,Malay,PD (29).jpg
0.18959669069160281,0.5749538567662932,0.7030592106623115,0.4858329160524285,0.016277063455655886,0.14861391876355082,0.47098214285714285,1.2955640884709696,0.1111111111111111,1.2049180327868851,0.3471482092986462,0.17133109945609945,76.0,1,Malay,PD (3).jpg
0.4083175988390492,1.5838852453865053,1.3916518097837587,1.7035487270273995,0.07494470557464493,0.2999723841097152,0.9397247271001423,1.7836194484542933,0.1836734693877551,1.6166666666666665,0.3479922448835531,0.07696671709531014,55.0,1,Malay,PD (30).jpg
0.2505609908027121,0.636867608258801,0.5817369591759036,0.27590524132678645,0.0025895005327653455,0.12532607679550536,0.26666666666666666,0.4129837231121289,0.0,1.3555555555555556,0.2253699961397721,0.14648917671043954,26.0,1,Malay,PD (31).jpg
0.2899708071258598,0.5243211754131263,0.9232168046059935,0.5687195280926097,0.0037121279503976702,0.03525468444472407,0.3144399460188934,0.8594735384010961,0.07894736842105263,1.4222222222222223,0.3116412516133619,0.11337394489568403,41.0,1,Malay,PD (32).jpg
0.2408494220982166,0.45934515695781664,0.8966847839616167,0.430562733300013,0.005701077177205214,0.039423219575664865,0.28090575275397794,0.5539427227576551,0.06976744186046512,1.411764705882353,0.307363745860873,0.09621227548568403,46.0,1,Malay,PD (33).jpg
0.2610658574851267,0.45383810864524804,0.5013220048941391,0.21134813472249356,0.01163681603527056,0.1568565474639637,0.2067099567099567,0.653465227282565,0.0,1.3066666666666669,0.2943604352144698,0.10974410524245537,22.0,1,Malay,PD (34).jpg
0.24374385088111608,0.4850214190603893,0.5364364261932942,0.1816154584321503,0.000842316678155204,0.1770989350024398,0.22257551669316375,0.6486909896090741,0.13513513513513514,1.2930232558139536,0.2928727148218137,0.10267485304966564,38.0,1,Malay,PD (35).jpg
0.26256743892431034,0.5647403349084281,0.5657907929778,0.2639143295861694,0.008049955936300453,0.10716037872258836,0.7903439153439153,4.576919879658283,0.1388888888888889,1.3395348837209304,0.3506183173975161,0.05909448818897638,75.0,1,Malay,PD (36).jpg
0.18997354147470175,0.410006344695004,0.7121609549053184,0.34697908000603656,0.0008927189758233939,0.07844837960226998,0.415625,0.5836478777445319,0.0,1.1829268292682926,0.25318488025169245,0.09450280112044818,26.0,1,Malay,PD (37).jpg
0.20239626605337901,0.4808171673015348,0.7281451089156085,0.2640402542661411,0.00816191639853941,0.03332758534212668,0.7633928571428571,3.531830413709931,0.0,1.2337078651685394,0.2783303414874535,0.0760287674513616,52.0,1,Malay,PD (38).jpg
0.21743489706807043,0.4872985457331456,0.6925022190746289,0.3291656125841233,0.003525401352491361,0.10589303744836745,0.2679738562091504,1.0709596435659354,0.10784313725490197,1.3333333333333333,0.2533591349224565,0.14288514148054388,106.0,1,Malay,PD (39).jpg
0.23114078062542115,0.43695479054072933,0.6184951366661139,0.2726638250185045,0.03425667328912076,0.13741179563225264,0.17555938037865748,0.8127208539632435,0.14285714285714285,1.3129411764705883,0.3120902998270348,0.12672932330827066,22.0,1,Malay,PD (4).jpg
0.3410861489589653,0.6135883289805465,0.5635205813385656,0.3507886752295348,0.008790138385148747,0.23285631300189422,0.6340361445783133,1.984985192479655,0.09375,1.1818181818181819,0.3230382533490537,0.10607066513945532,34.0,1,Malay,PD (40).jpg
0.23011051444899822,0.4495845727915481,0.6365556387717923,0.29780337850974115,0.039679494509708674,0.10059916413897656,0.37700249199003205,2.069205535365571,0.1320754716981132,1.1929824561403508,0.3660150463834791,0.11704038515333991,56.0,1,Malay,PD (41).jpg
0.26156241521502915,0.4783078525203756,0.6288830059399492,0.2721464932238295,0.012018886081108427,0.22358509458428263,0.37363834422657954,2.8174493292086153,0.07777777777777778,1.2260869565217392,0.3460868364822168,0.09331081972591407,96.0,1,Malay,PD (42).jpg
0.20488155972148742,0.47419527278007567,0.636019809953114,0.290074453581686,0.004721178850996239,0.2010663206996492,0.2674747474747475,0.6906743518638578,0.0,1.190909090909091,0.3269786834834179,0.13503658390308265,26.0,1,Malay,PD (43).jpg
0.2825929536000401,0.5983848741345116,0.8192101375776137,0.4295327402857191,0.017037307440996876,0.20404218497266371,0.4217443249701314,2.150492456274249,0.16666666666666666,1.3018867924528301,0.34888873054458275,0.12201205648297732,57.0,1,Malay,PD (44).jpg
0.2676948825399148,0.4429735316254352,0.9679705269134691,0.6430820078833157,0.013640599885602308,0.21734299804264534,0.35282574568288855,1.7064027381057547,0.14285714285714285,1.230357142857143,0.3233472270445946,0.10942441860465116,52.0,1,Malay,PD (45).jpg
0.2732214503655366,0.41440215158300087,0.6748537855623346,0.3628871131333005,0.04617458743843743,0.22342584503422253,0.9637362637362639,0.6436440856101242,0.038461538461538464,1.3506849315068492,0.32562039359733813,0.03159649003469152,28.0,1,Malay,PD (46).jpg
0.3201840235796533,0.6076968516285488,0.8353173782712668,0.4519393378843356,0.015686256983733646,0.28603030797184653,0.7799823633156967,1.1682330240173224,0.16666666666666666,1.3860465116279073,0.3237298497992321,0.04409437078497041,58.0,1,Malay,PD (47).jpg
0.2722331999754763,0.4054532093659014,0.7758352080466078,0.311020014185429,0.013866904544197804,0.306964420914546,0.6781818181818182,0.7931919814242128,0.08,1.2533333333333334,0.2968527009909385,0.048911211095997116,27.0,1,Malay,PD (48).jpg
0.35558850798946623,0.537173129800278,0.8599302586389257,0.43235135739024516,0.016757342973076662,0.10118948778185359,2.9339285714285714,2.623032599260101,0.0,1.5,0.22945750182861152,0.06351567543293385,31.0,1,Malay,PD (49).jpg
0.2686938288703319,0.40870369788651423,0.6222406497190771,0.2016714471430605,0.10771255685857814,0.3536079354047829,0.2005420054200542,0.7933508606035875,0.1951219512195122,1.3894736842105264,0.2994640398239643,0.07857417719226764,43.0,1,Malay,PD (5).jpg
0.3746780623387991,0.5954704894452694,0.9213047844849979,0.41927635289513004,0.0010447400926727806,0.14918968674936187,1.6475000000000002,3.7663823936646033,0.08333333333333333,1.5,0.27788802083804326,0.05052103944070703,65.0,1,Malay,PD (50).jpg
0.40483396762677637,0.5793350835833648,0.9595332147036523,0.48518377480513614,0.009538072174985035,0.10534910395407071,1.4227272727272728,3.635170548721614,0.01818181818181818,1.5777777777777782,0.2589824955172511,0.058825776969456144,117.0,1,Malay,PD (51).jpg
0.4820488646576814,0.8979215601894757,0.7592145743794567,0.5172703581952904,0.0010063344554107662,0.2014006104315078,0.9747474747474747,2.721075607761272,0.26666666666666666,1.6829268292682926,0.33118842659867204,0.13425886169552978,32.0,1,Malay,PD (52).jpg
0.44946396442353603,0.7581588531983873,0.7917333752713288,0.4580395238371744,0.01496298877908155,0.25541067250504573,0.7003493684493416,2.8893821472114314,0.14754098360655737,1.7571428571428571,0.27818255344242954,0.07640762118958314,66.0,1,Malay,PD (53).jpg
0.6531032457756851,2.1339422318979624,0.9367859296508901,0.8675652334833263,0.007439289497276598,0.3768416811267884,1.32562358276644,1.6642740898961923,0.1836734693877551,2.5599999999999996,0.32094502643513373,0.13233977547250247,103.0,1,Malay,PD (54).jpg
0.2974300964795424,0.49243405770911647,0.6759462240642475,0.3051847913806878,0.031555312292512884,0.11868958171639818,0.30158730158730157,1.0922796309754053,0.09523809523809523,1.4875000000000003,0.23472693723910562,0.1483939240283075,22.0,1,Malay,PD (55).jpg
0.36108531406105265,0.5660997999398303,0.9268994517298824,0.45940719842448713,0.005446919499409331,0.10156754568635346,0.6227450980392156,2.120172246359017,0.11764705882352941,1.6745098039215687,0.2713745774881686,0.07629133206984362,54.0,1,Malay,PD (56).jpg
0.455429133467946,0.6939251501266985,1.014771712819929,0.45928141366568753,0.006133211456674987,0.21799977097657147,1.5509227614490773,3.035122697684106,0.16883116883116883,1.736842105263158,0.29063309026017636,0.0836125381579927,81.0,1,Malay,PD (57).jpg
0.3064112248096518,0.5064154843055291,0.6302353183177135,0.30002803598815286,0.023830143340787795,0.20108375046136795,0.47908121410992616,0.9134018125024468,0.0,1.4740740740740739,0.26885708932984687,0.08221973373149186,24.0,1,Malay,PD (58).jpg
0.3508277533435326,0.6206363877273418,0.6978607045747989,0.3545983077837667,0.006271138387326082,0.17251825020844952,0.6613207547169812,1.1471564923640982,0.0,1.5,0.28114174837425426,0.045248902727238624,55.0,1,Malay,PD (59).jpg
0.2725997095370791,0.7406090505430418,0.7087408611817089,0.6934376198246403,0.2417877855289112,0.15091524036647566,0.2020408163265306,1.0039374240084364,0.14285714285714285,1.4054054054054055,0.3260635480525852,0.07070319984671393,45.0,1,Malay,PD (6).jpg
0.428220359500137,0.7804353815354856,0.7627257028990126,0.4033641746985916,0.01276200861058506,0.22637751283957286,0.6111764705882353,1.1370031433288512,0.09,1.7058823529411764,0.33062452617604327,0.049078270485895116,104.0,1,Malay,PD (60).jpg
0.2450098380118557,0.4683976318620919,0.4726019539847956,0.23888736428131566,0.016119877041652728,0.14919873049342702,0.39604938271604934,0.9638137834136853,0.0,1.244186046511628,0.24159806294260375,0.10960163432073544,26.0,1,Malay,PD (61).jpg
0.33314718183598707,0.6320123803079184,0.4973273430337538,0.2760525526776741,0.0409952988917911,0.17903505539353104,0.36801481938870023,0.8082791386541621,0.07317073170731707,1.325,0.27263403945378667,0.057742502196009536,43.0,1,Malay,PD (62).jpg
0.24861392210683206,0.48543400022737987,0.5588610313220412,0.2525412980141209,0.003731966414623955,0.18898206460404735,0.4498437055981813,0.9822982532498467,0.0392156862745098,1.3194444444444444,0.25262405951435046,0.07156825991877538,106.0,1,Malay,PD (63).jpg
0.20093145473548485,0.43610305431444657,0.6737967474705466,0.3901050789890921,0.021148785388119064,0.1289103332308025,0.4980237154150198,1.3465601968792935,0.0,1.3499999999999999,0.24721458974804936,0.053612135781489614,24.0,1,Malay,PD (64).jpg
0.2006510647971936,0.5219816600337804,0.7188378014421899,0.33780059500404375,0.0013935013732141073,0.12766542083988894,0.4862689393939394,1.556476617105372,0.08333333333333333,1.3478260869565217,0.308608234050316,0.06553292069787472,51.0,1,Malay,PD (65).jpg
0.23604338731085336,0.5748901702905864,0.7143356500210533,0.34609057717466724,0.002137128350967428,0.14606969392735747,0.3785140562248996,1.484238951095933,0.1686746987951807,1.346938775510204,0.35164980175571176,0.08859338061465721,87.0,1,Malay,PD (66).jpg
0.45591677372194145,0.5283872107891853,0.7758544194671196,0.41603039162056815,0.018606517575225627,0.332981569524598,1.1175166297117518,1.310509489548636,0.09090909090909091,1.6311111111111112,0.3145297867572104,0.049488962346593716,24.0,1,Malay,PD (67).jpg
0.6034868097156179,0.7734326970712457,0.680623379298357,0.4285926868092144,0.004982901254719045,0.38756239697906936,0.7460757156048015,1.4944397894481578,0.15789473684210525,1.9,0.29201333901413573,0.03367796153773898,59.0,1,Malay,PD (68).jpg
0.5405579383302204,0.8106870005759212,0.7537909708135837,0.45667929177493016,0.012011890077147834,0.38435716513172186,1.4737623762376237,2.6740258157925862,0.15841584158415842,1.9047619047619047,0.32888060557436966,0.04273424964719983,106.0,1,Malay,PD (69).jpg
0.3971877490214241,0.5771152715149261,0.6006471426138921,0.299809310590176,0.009391238739848038,0.17112332122796112,0.9947916666666666,2.2616467868406978,0.0,1.8,0.2766971842585573,0.09470348928180254,26.0,1,Malay,PD (7).jpg
0.2713061858191787,1.0120091537396902,0.5701359992833107,0.4069521557089789,0.0021154472317199903,0.21922880758964866,0.4512987012987013,0.7408325560780432,0.047619047619047616,1.3592233009708738,0.3267591817317965,0.11503779844455321,22.0,1,Malay,PD (70).jpg
0.2802802252952511,0.503798314554134,0.5807065747487667,0.3722764882980863,0.007877587599950952,0.10455871256807296,0.6470214119143524,3.656716553318442,0.05660377358490566,1.3505154639175259,0.32970005925680884,0.12848890111517872,56.0,1,Malay,PD (71).jpg
0.3939921294670885,1.7506505704676414,0.6526939420326398,0.9689142429334715,0.001985529995477976,0.3895279011986326,0.5029436501261564,1.2575795636814686,0.1896551724137931,1.4967032967032965,0.32367188190935337,0.10082815734989647,60.0,1,Malay,PD (72).jpg
0.5182181902015222,1.9776759166634177,1.9305967254032363,2.5749501837892925,0.03407584837936959,0.407677236473401,0.663109756097561,1.3296321996075908,0.5625,1.66046511627907,0.36716104633983404,0.09807275355336063,17.0,1,Malay,PD (73).jpg
0.4803482422875397,1.2906046300285585,1.1862897206952496,1.108870886308164,0.04942944039303879,0.20494742820920805,0.7349165596919127,2.020142463428804,0.3157894736842105,1.8219512195121947,0.37876705005438654,0.07815360769814489,42.0,1,Malay,PD (74).jpg
0.46621338831884596,1.1112930851928107,1.0483454399212506,0.9724651111991365,0.06448939695223037,0.3008618071042589,0.5099941211052322,1.7895255834488382,0.35802469135802467,1.5113636363636365,0.3437969389241417,0.11630639097744361,86.0,1,Malay,PD (75).jpg
0.38185665991782786,0.49211146290466007,0.6683667162140792,0.41157573752641685,0.0026871889190907662,0.0649804137907192,0.3973333333333333,0.9362716792939231,0.04,1.4615384615384615,0.2685855662786096,0.16131221719457015,26.0,1,Malay,PD (76).jpg
0.39528529954697794,0.5484088197199676,0.7398725931146398,0.4519734854471299,0.006570658875098387,0.20846918845127926,1.0203636363636364,3.389274820946345,0.10909090909090909,1.7735849056603774,0.25767608405797626,0.08873602751504729,58.0,1,Malay,PD (77).jpg
0.3698572549332515,0.5530074938388002,0.6600714686611124,0.3390958504165209,0.0014180545917778665,0.1465719880642287,0.37993197278911567,0.9374860390853026,0.08163265306122448,1.625,0.2763417450163076,0.11222321407411504,101.0,1,Malay,PD (78).jpg
0.18271916866203075,0.46956558299634127,0.5195954541052421,0.21140856051326243,0.00598037433938609,0.10559036102034468,0.4156378600823045,0.9418959203188342,0.0,1.3190476190476192,0.2879119000803877,0.1203551408143399,25.0,1,Malay,PD (79).jpg
0.4735636647693465,0.723278990576954,0.6486724970714189,0.3326569784174211,0.0027749596271465678,0.15704357028710347,1.5959183673469388,1.8732492103956024,0.025,1.72,0.2972460055289492,0.10469538705638042,42.0,1,Malay,PD (8).jpg
0.2825262604740987,0.5433138397420937,0.5539504242034423,0.2767088147599424,0.00708116078807821,0.1733935125180082,0.4318181818181818,0.8836603690851249,0.05555555555555555,1.2417582417582418,0.3276576277449219,0.09671378332107518,56.0,1,Malay,PD (80).jpg
0.2702830730086958,0.4461906125960831,0.629330281561575,0.3015785035554751,0.007396242522850127,0.17139204500984467,0.43395315141270224,0.8797019857730184,0.039603960396039604,1.3255813953488371,0.3074478349336369,0.08466049120421518,105.0,1,Malay,PD (81).jpg
0.34101441494647283,0.4612209576356672,0.5511342957370743,0.29657785490812955,0.0026057053220920525,0.023961488318326594,0.5834666666666667,1.1737486237021815,0.0,1.4375,0.2647743844150231,0.08410193345630936,28.0,1,Malay,PD (82).jpg
0.3381918091762294,0.4403611364781667,0.6188352866836239,0.339185348678909,0.015805741561438286,0.043818054769958155,0.6124675324675324,1.7440307841281795,0.1,1.6428571428571428,0.2810453231807443,0.07070831062915038,55.0,1,Malay,PD (83).jpg
0.3613050192814631,0.5229358013900717,0.6561402770352541,0.2969363281831777,0.01865018684473087,0.10880677934226261,0.5803088803088803,4.719976313913133,0.18571428571428572,1.6428571428571428,0.25721861420792824,0.12955199057551714,74.0,1,Malay,PD (84).jpg
0.14963798788097574,0.4349103193967495,0.5899386084607833,0.2511210828554389,0.005578523424402329,0.06551278451349064,0.26458333333333334,0.6326221624489619,0.041666666666666664,1.2047619047619047,0.28649694171921636,0.16050452709804716,25.0,1,Malay,PD (85).jpg
0.11701025099241927,0.45665823461368693,0.6716660373224905,0.29639758301912134,0.004025847202486228,0.052643142026922385,0.17142857142857143,0.7416660886852143,0.044444444444444446,1.1363636363636365,0.27527367712484435,0.1290702479338843,47.0,1,Malay,PD (86).jpg
0.15145285320728571,0.5150607045149511,0.7162184412953683,0.36959064450855394,0.004248416675981329,0.04642528311461681,0.1834215167548501,0.9999981131488055,0.08641975308641975,1.194,0.3012081857509357,0.15270831469015872,84.0,1,Malay,PD (87).jpg
0.31915592357031586,0.5650332680272924,0.7361058709957756,0.42411447570249194,0.006975717697820435,0.31521641724132615,0.7772435897435898,1.1294923649341184,0.11538461538461539,1.3714285714285714,0.28789198603545435,0.05127596604869332,28.0,1,Malay,PD (88).jpg
0.3062947758138379,0.5027079264095998,0.8537060298349167,0.4346855623901056,0.0016408667667372257,0.06158056779268243,0.8956192536506219,1.22910195457502,0.0,1.3863636363636365,0.29647366831780253,0.04404135032222541,46.0,1,Malay,PD (89).jpg
0.434630980645639,0.7042864812919117,0.6998704058851232,0.3729146920253397,0.00392378823912602,0.24679832733858403,1.0571428571428572,2.536590037579679,0.14666666666666667,1.906451612903226,0.27115042975142384,0.09235532778133675,80.0,1,Malay,PD (9).jpg
0.35853575758148726,0.5354759715877762,0.866750533083198,0.44616235228666573,0.007224298932540709,0.0958781851187227,1.1616504854368932,1.9730635444980755,0.019417475728155338,1.6,0.27141634039486956,0.05337616822429907,110.0,1,Malay,PD (90).jpg
0.3849615552072864,0.5860326977145188,0.9994493193679667,0.7152559340781917,0.005236214896466383,0.14234351911758433,1.4250960307298337,3.820407011808413,0.22727272727272727,1.5048780487804878,0.2946066202875119,0.12733012306046013,24.0,1,Malay,PD (91).jpg
0.4934043400214203,0.6956629671610958,1.101711507591165,0.8669598102576417,0.013731312742797597,0.3915216104202222,1.1209677419354838,2.1201079116201575,0.22580645161290322,1.9242424242424243,0.31058053930188456,0.11595828731813995,66.0,1,Malay,PD (92).jpg
0.5094742901813929,0.874117980738451,1.0080568577400433,0.719002262564974,0.018199170925662502,0.37176621792069703,0.5572592899571764,2.349008313122581,0.33858267716535434,2.09375,0.3177002713855687,0.13012345122436866,133.0,1,Malay,PD (93).jpg
0.75479467320952,1.20478868226042,1.0757523499141513,1.0758964815184426,0.004282579837246146,0.5407745203011343,3.7925824175824174,1.3547785864037893,0.11538461538461539,3.6923076923076925,0.34969867093005425,0.08149488780621697,56.0,1,Malay,PD (94).jpg
0.4316788288920267,0.8045299491835467,0.8168382871433127,0.6609069325432729,0.013832587361101404,0.5254841778328511,0.7018730489073881,2.829513046160238,0.27419354838709675,1.605263157894737,0.3393987913040477,0.09490981831407364,65.0,1,Malay,PD (95).jpg
0.3736745661255596,0.7182709259736549,0.7171028302136153,0.39618415157641773,0.004089241633111065,0.269009651589316,0.2919141714147169,1.2174946578102297,0.23893805309734514,1.511111111111111,0.34527944476492434,0.12341043596228671,118.0,1,Malay,PD (96).jpg
0.4255773130498336,1.5617867003163897,1.1259853449118653,1.4026692908711478,0.0024864232571676927,0.35696995633489426,0.9469623915139826,1.268245620340772,0.17647058823529413,1.5884057971014496,0.37520917038594725,0.12739922902311587,18.0,1,Malay,PD (97).jpg
0.45754306361027686,0.8516385944666345,0.9001212409183074,0.5590629704851627,0.011517157827118034,0.22875706830534276,1.1792369121561668,3.0587459977961475,0.24489795918367346,1.6428571428571428,0.3397020583273864,0.08087283087283087,53.0,1,Malay,PD (98).jpg
0.3429509704413334,1.188439980875964,0.829913943543137,0.6216232706524925,0.0053579484636746486,0.3416143280186737,0.38561364479050797,2.3520960374165782,0.17204301075268819,1.4967741935483874,0.32127658249426233,0.10772735314932767,97.0,1,Malay,PD (99).jpg
0.31231475514090684,0.48626830538246335,1.0397696488670876,0.5608087051692674,0.0079761099860364,0.05642436158116722,0.5057216685123662,0.7436906725957646,0.023809523809523808,1.2402985074626864,0.537583454581056,0.019840720811594596,50.0,0,Slovak_FullPage,user_00050_full.png
0.3532261862306976,0.6226770649510904,0.9307542202509085,0.5083716766584908,0.014002100757103631,0.08291479701502497,0.45333333333333337,1.0763950360493961,0.10666666666666667,1.25,0.42435138170692616,0.018198490698490697,83.0,0,Slovak_FullPage,user_00051_full.png
0.2541797262572373,0.662804094290644,1.231923658648556,1.0678314803130335,0.014504250039001167,0.052542383382245636,0.4938837920489297,0.40112896493591427,0.0,1.1914529914529914,0.508944588810981,0.019329651637655203,44.0,0,Slovak_FullPage,user_00052_full.png
0.2233193224891738,0.5333271434911929,1.7101440159856733,0.8552911127705081,0.006605207518029918,0.05789980736131187,0.6415989159891599,0.7883323495750002,0.17073170731707318,1.1675675675675676,0.4904450364147026,0.019533421318220636,49.0,0,Slovak_FullPage,user_00054_full.png
0.24198924316859152,0.5714228369281168,0.9876954651907077,0.5455626079746138,0.02344442463526846,0.07469961129738038,0.4423765211166786,0.777851087338031,0.09090909090909091,1.237313432835821,0.5225871582518985,0.02950213701734119,52.0,0,Slovak_FullPage,user_00056_full.png
0.14571810455375211,0.7528387097925416,1.4594883095102182,0.8896101105916716,0.015040389553949679,0.0329470079166226,0.2673872180451128,0.5349610514698016,0.03125,1.1510791366906474,0.5151398844801545,0.03752876241516908,40.0,0,Slovak_FullPage,user_00057_full.png
0.12055339273322133,0.7097436188749994,1.5831661913212092,1.1418950227697613,0.007752300038354807,0.05957621208335379,0.21673387096774194,0.5906610499541481,0.09375,1.1142857142857143,0.5256946228726582,0.030416244573610595,40.0,0,Slovak_FullPage,user_00058_full.png
0.1953745788816528,0.5395734245658887,0.9880253600747579,0.7081532773794071,0.01568970898124141,0.032716670909676615,0.1873619089703933,0.49006687231218016,0.03225806451612903,1.3068493150684934,0.6225386508083055,0.03833842506863035,39.0,0,Slovak_FullPage,user_00060_full.png
0.12803783798970628,0.753884926624638,2.0552180219503002,1.2547560888275948,0.009056350769646653,0.039733711236904334,0.38639584317430326,0.5741011439049968,0.06896551724137931,1.1675675675675676,0.6456699320303247,0.03066991722061959,37.0,0,Slovak_FullPage,user_00061_full.png
0.16132833720692188,0.8212564258725338,1.4939751979096325,1.2623781800602385,0.010307155348411982,0.040867898642733005,0.5520833333333334,0.3108464383498855,0.0,1.171186440677966,0.5248587076852929,0.020868782845698625,40.0,0,Slovak_FullPage,user_00062_full.png
0.16143224452676325,0.8436246579301264,1.687486098918188,1.2984336705900716,0.0111082118274938,0.04694156111013179,0.34965437788018433,0.3686821749738225,0.03225806451612903,1.217857142857143,0.4876965394491288,0.029050913414765973,39.0,0,Slovak_FullPage,user_00063_full.png
0.18466581165817988,0.647409078934031,1.9393575032702501,1.1958327230996986,0.010944243958236153,0.07869413404262746,0.2671984047856431,0.7123739253298539,0.11764705882352941,1.1333333333333333,0.5602683126801804,0.027022672838776893,42.0,0,Slovak_FullPage,user_00065_full.png
0.3144718297017468,0.5222365178037397,1.0537431128305714,0.4665172706917464,0.027650330154142828,0.06410084559335258,0.46814814814814815,0.9413373502895508,0.03333333333333333,1.2086956521739132,0.47714730596119576,0.02537559033491404,68.0,0,Slovak_FullPage,user_00066_full.png
0.11343960142782578,0.6091035698273165,1.4463760763890026,0.9073636462827881,0.009214648015891499,0.03682367846283101,0.3588709677419355,0.425866624771903,0.0,1.1285714285714286,0.45029651888872096,0.031129367472079193,39.0,0,Slovak_FullPage,user_00067_full.png
0.25099501900975296,0.5532557929492509,1.1394837320896485,0.5531824535197684,0.012320870386119852,0.07663725495291895,0.4113610369805566,1.0404776423122288,0.13953488372093023,1.2741935483870968,0.5593415773239019,0.02500735487962832,51.0,0,Slovak_FullPage,user_00069_full.png
0.16369603836316554,0.6960615860314049,1.215156520629083,0.8384574906988685,0.017501792915319236,0.05387203464434344,0.23551020408163262,0.6517616698162413,0.05714285714285714,1.0972222222222223,0.5607956322230477,0.029929226580952664,43.0,0,Slovak_FullPage,user_00070_full.png
0.2550452113013706,0.599885196116355,1.8960777527660688,1.0319515521494596,0.006679035546320204,0.07424429001172994,0.6464285714285714,0.59325057981735,0.0,1.2173913043478262,0.5184134231402174,0.02085691062876237,48.0,0,Slovak_FullPage,user_00071_full.png
0.1573611288054059,0.772235335171168,1.8642257040744152,1.2560861986836083,0.014260044976397278,0.06992018735874009,0.5550641309155241,0.5539040830133303,0.08823529411764706,1.1838235294117647,0.6863348338618921,0.02335153715385238,42.0,0,Slovak_FullPage,user_00072_full.png
0.16059670602253906,0.6846499318589759,1.6934687097382457,1.2313109562193394,0.006133727665570898,0.04228653275940987,0.42329317269076305,0.6273377940595477,0.03333333333333333,1.1333333333333335,0.44081792122668434,0.02441252064561637,38.0,0,Slovak_FullPage,user_00073_full.png
0.2301612695127856,0.5623592058484782,2.363492071201269,2.0789841008848025,0.009590344725548329,0.052406941353570734,0.4114010989010989,0.4230233759733723,0.03125,1.16875,0.49716926950826495,0.025067686481499027,40.0,0,Slovak_FullPage,user_00074_full.png
0.18811286640007774,0.5866380975949161,1.5383265024057604,0.881969453418733,0.004571698744767977,0.041213518526806936,0.8873180873180874,0.6044477358494202,0.0,1.1363636363636365,0.5967601208909283,0.021641085943728457,45.0,0,Slovak_FullPage,user_00076_full.png
0.12253355168576395,0.649908033033936,1.2247875152568606,0.7870301358300287,0.011231036913612527,0.05201850853732331,0.8297872340425532,0.4871419988575372,0.0,1.1094736842105264,0.47342515720963513,0.025153747139588102,44.0,0,Slovak_FullPage,user_00077_full.png
0.15259714721855147,0.8087691158721664,1.5023940242965952,1.083442392406336,0.01280883426673693,0.03632661570193818,0.5186104218362283,0.4180959970185352,0.0,1.1481481481481481,0.5140146791057791,0.02506870419117285,39.0,0,Slovak_FullPage,user_00078_full.png
0.1351875447798468,0.8220850077961354,1.2114306453225845,1.0096705574147244,0.009298456601001577,0.04114494531368945,0.5557441992076967,0.6503453953699192,0.0,1.071186440677966,0.5135257368989485,0.02489972326731134,39.0,0,Slovak_FullPage,user_00079_full.png
0.18891591045292605,0.7151936506918216,1.3845263791222417,0.91468771139992,0.0121523311696408,0.07586899280928036,0.9964157706093191,0.461358105697146,0.0,1.2083333333333333,0.5841540652998959,0.017095653287586745,44.0,0,Slovak_FullPage,user_00082_full.png
0.15419191355556194,0.7365680920510744,1.4786454639572835,1.0680916116983592,0.008087467200809237,0.024375249238588845,0.7658227848101266,0.3592665691761679,0.0,1.1925000000000001,0.5533567576418549,0.024716933018215658,40.0,0,Slovak_FullPage,user_00083_full.png
0.19962875398920935,0.5576672877824262,1.8622822797580723,1.0670127239379155,0.007574692208379434,0.048043013869486895,0.49038227416605795,0.5906795002206694,0.08108108108108109,1.1428571428571428,0.5018828707920754,0.02767585944924807,45.0,0,Slovak_FullPage,user_00084_full.png
0.1415023310152612,0.7038617069437005,1.8353499838935856,1.3137575791619478,0.014250091286548899,0.05726329703622121,0.6346590909090909,0.42596744188487706,0.03125,1.0910714285714287,0.4799839735100119,0.022753676242048337,40.0,0,Slovak_FullPage,user_00085_full.png
0.19530338556273819,0.7648388927936236,1.3309620918742273,0.8057743615474758,0.013218462740390782,0.061137293447059565,0.20025806451612901,0.7796295901259642,0.12903225806451613,1.221875,0.5920818082720112,0.034553730642159525,39.0,0,Slovak_FullPage,user_00087_full.png
0.3030312995980251,0.6311025420509662,1.7533837685594538,1.2149969964458442,0.0101467045741951,0.08814801277597151,0.9685131195335277,0.7280243991442719,0.12244897959183673,1.2777777777777777,0.4135800079901542,0.014931908403858288,57.0,0,Slovak_FullPage,user_00088_full.png
0.1685990644833253,0.42671801742752474,1.0747188036690816,0.7070354689800271,0.03350067409431984,0.05178398136723993,0.5079063883617964,0.4001076918161231,0.058823529411764705,1.253191489361702,0.5595610074609653,0.019999847176295514,42.0,0,Slovak_FullPage,user_00089_full.png
0.1388082137526774,0.722162452040673,1.408560562915343,1.0707422610166195,0.0068760988798634666,0.03274406751912677,0.5950372208436725,0.308473255010764,0.0,1.1727272727272728,0.5866192999177146,0.02287790063591671,39.0,0,Slovak_FullPage,user_00090_full.png
0.17431092649301516,0.7770562436331919,2.15933305749863,1.442390831301329,0.020734025039050884,0.10348982442189732,0.8837037037037037,0.606922631414834,0.018518518518518517,1.1745098039215687,0.48821608094692875,0.031509016364583343,62.0,0,Slovak_FullPage,user_00119_full.png
0.20572312000824755,0.9090436569480845,1.8698607306213517,1.3112077271377645,0.007719969553824197,0.042722250335847645,0.19454863715928983,0.6014325476972652,0.06451612903225806,1.3138461538461539,0.5173198710270126,0.03344232527924796,39.0,0,Slovak_FullPage,user_00120_full.png
0.20558806624025225,0.5957570882800833,1.1988948287474026,0.6803538774710219,0.014945488061678785,0.060176862721820656,0.2650111193476649,0.5858670977681281,0.02631578947368421,1.1824324324324325,0.6001604695103353,0.033197613789719055,46.0,0,Slovak_FullPage,user_00121_full.png
0.16119931283552555,0.8376223178826898,2.1770309906986216,1.5940889512824103,0.007209758658495526,0.06581911319080391,0.6196928635953026,0.5382306383683194,0.0,1.1284552845528457,0.5692405291415413,0.030331214153664975,44.0,0,Slovak_FullPage,user_00122_full.png
0.16783509070081506,0.7980179940406282,1.3941166369885127,0.8598081264828079,0.016878845741767828,0.08422417952423342,0.42710997442455245,0.6568087116311468,0.058823529411764705,1.1717391304347826,0.523065382709317,0.030318075270217477,42.0,0,Slovak_FullPage,user_00124_full.png
0.2736401174882145,0.8414379861188972,1.2999450095577874,0.6869963098332804,0.01645989361870675,0.08405553711684818,0.21044803866889758,1.97828110346121,0.21212121212121213,1.353658536585366,0.6446848290331014,0.036819179018019066,41.0,0,Slovak_FullPage,user_00125_full.png
0.2548720424210673,0.7954052190447211,1.3416947787419125,0.8166509608133897,0.010848169588249353,0.06973752621606168,0.6764452113891286,0.8723193676846901,0.15789473684210525,1.2519685039370079,0.6228853092400358,0.025178421029300943,46.0,0,Slovak_FullPage,user_00128_full.png
0.1498210344623767,0.622456065313207,1.3125331834575036,0.8610150454900407,0.015915142665207282,0.060121333992150444,0.6019230769230769,0.4334581455312206,0.03125,1.1496183206106871,0.5249804339355603,0.035140129645055966,40.0,0,Slovak_FullPage,user_00129_full.png
0.2293876200126641,0.7503746196337524,1.2789000916590914,0.725699233969258,0.016976641416775164,0.07205803748623243,0.4200146092037984,0.9059292193502702,0.24324324324324326,1.2710526315789472,0.6108360526500841,0.027465777852139186,45.0,0,Slovak_FullPage,user_00130_full.png
0.2642259889872521,0.7158075395344391,1.2733451029959282,1.0165134544909151,0.016745838991169472,0.0792857538499711,0.5514018691588785,0.7972510144195352,0.05555555555555555,1.401851851851852,0.5163072835570672,0.028188174811969023,44.0,0,Slovak_FullPage,user_00131_full.png
0.22312052665795762,0.8584850086977773,1.4422713997735757,1.0090338783963344,0.026095628316071873,0.11790696851790064,0.2153846153846154,2.0476693842599745,0.3333333333333333,1.2424242424242424,0.5526166219155303,0.03516500541831706,41.0,0,Slovak_FullPage,user_00133_full.png
0.165698252263361,0.8974373573941675,2.0171584628631205,1.4705403806677715,0.009774992363041201,0.056643951738201304,0.8399122807017544,2.5306107476166835,0.03125,1.1321739130434783,0.6145113505074715,0.02844273292676754,40.0,0,Slovak_FullPage,user_00134_full.png
0.2525686967495516,0.6460422988588247,1.9690470315178334,1.1747323858106387,0.008758346973719217,0.06462079649532534,0.5847953216374269,0.6522116220982268,0.10526315789473684,1.2295081967213115,0.6567580831396346,0.03698984093943028,46.0,0,Slovak_FullPage,user_00135_full.png
0.15579500343835084,0.8254473652674817,0.9729777178785628,0.6781391942581046,0.012600233556639698,0.07247509998542359,0.19889311656866135,0.6264008874783371,0.08163265306122448,1.2406779661016947,0.6435050261024741,0.04744043436332137,57.0,0,Slovak_FullPage,user_00139_full.png
0.21421253455492553,1.0161328948022794,1.3323466328860547,1.0034684917431158,0.020307728209256345,0.09124963223392607,0.28328804347826086,2.147008973845136,0.0625,1.2358695652173914,0.5973245360746473,0.03829441156015687,40.0,0,Slovak_FullPage,user_00141_full.png
0.2716229919986254,0.645447460212468,1.0716362377201079,0.6337680519633166,0.011779458637827124,0.07347620286601034,0.7059082892416226,0.7481167680430805,0.19047619047619047,1.2,0.5256419701104303,0.0219762271583751,50.0,0,Slovak_FullPage,user_00148_full.png
0.23549887755339735,0.7611508131268424,1.4968826087853357,1.1332965787529012,0.03108987830939855,0.08268130877457214,0.37561853351327035,0.6436354221971825,0.05263157894736842,1.175,0.5259286859326384,0.025138165354688314,46.0,0,Slovak_FullPage,user_00149_full.png
0.25012895003559593,0.6018511700618308,1.5948292363393162,0.9463604690572076,0.016601464929281183,0.06782492489788591,0.5824175824175823,0.5328560445915417,0.02857142857142857,1.377777777777778,0.5145432664180142,0.02793385426739775,43.0,0,Slovak_FullPage,user_00150_full.png
0.1447467861247237,0.9349908749192589,1.5754015989642993,1.1022597536695558,0.017217168987095736,0.051453479267742935,0.1896404109589041,0.8192576138647429,0.1875,1.1932432432432434,0.617201980168473,0.029514692020726898,40.0,0,Slovak_FullPage,user_00158_full.png
0.15470102325199384,0.7080711038700858,1.4151476853478038,0.8858854936973064,0.012676379444577982,0.05749378992908667,0.45957268537913704,0.9491132345895138,0.03225806451612903,1.1468354430379748,0.5363898712620628,0.034575550926173225,39.0,0,Slovak_FullPage,user_00159_full.png
0.2044121986441445,0.9480222581017886,1.3070644642569467,1.0467693198130748,0.016345385700221392,0.05170216884228379,0.43741765480895917,0.5582076501743901,0.030303030303030304,1.2567567567567568,0.5343161763154295,0.02695843821103629,41.0,0,Slovak_FullPage,user_00160_full.png
0.19529107824551195,0.9104902899260596,1.057843128487303,0.9383473328752672,0.015868724817291,0.08135242591099476,0.2909921129099211,1.5409309207182242,0.09090909090909091,1.1216216216216217,0.5544347380538739,0.03469796408751727,41.0,0,Slovak_FullPage,user_00161_full.png
0.18188388791233623,0.8319454111185801,1.2973079553895777,0.7907907847808116,0.028638378548155548,0.06325267952278336,0.15852649006622516,0.674736475421306,0.03125,1.1380645161290324,0.5675507580638475,0.03194305826209071,40.0,0,Slovak_FullPage,user_00162_full.png
0.13057422813496788,0.714563605183668,1.2606183114916336,0.8225079664772068,0.01354878129657857,0.039155973553832255,0.28933167289331674,0.4471542158012859,0.030303030303030304,1.1486486486486487,0.5699824554256164,0.03360206936811804,41.0,0,Slovak_FullPage,user_00163_full.png
0.16905828866289557,0.8998045243064422,1.6270127078875851,1.108842655423006,0.01645973596210407,0.04620061681687236,0.30126728110599077,0.5900017198287684,0.03225806451612903,1.2241379310344827,0.5785642872386302,0.025891745403940528,39.0,0,Slovak_FullPage,user_00165_full.png
0.16561573424216502,0.8039525798467604,1.3456084430031363,0.9751644559391168,0.012642820641356358,0.039134955409387766,0.133125,0.650111850897945,0.03125,1.2077669902912622,0.5186597465312669,0.03016298462204895,40.0,0,Slovak_FullPage,user_00166_full.png
0.1401156660314131,0.6999092817671855,1.4227407528883038,0.8225593240093538,0.01209168612320313,0.039158205196993964,0.24731182795698922,0.5814420506147302,0.03225806451612903,1.12987012987013,0.5513308801810693,0.03056298918047882,39.0,0,Slovak_FullPage,user_00167_full.png
0.1490782832367746,0.7618716417861782,1.4688267433147164,1.0707335561592277,0.01060425921556099,0.05177967554473113,0.5228475228475228,0.3896388993405818,0.06060606060606061,1.0909090909090908,0.4704391606229256,0.02775430537655804,41.0,0,Slovak_FullPage,user_00168_full.png
0.26504437267623204,1.0758563322535428,1.8415732782634175,1.4090509562367834,0.007409254809558879,0.09648365578983858,0.40488110137672095,1.5306830875414266,0.058823529411764705,1.4595744680851062,0.5245996457041088,0.029000439675123568,42.0,0,Slovak_FullPage,user_00169_full.png
0.1955398239888552,0.9401632450319248,1.3692850877531508,1.1713171942506218,0.020021771358327126,0.06693215504351298,0.43916666666666665,0.34205634864304973,0.03125,1.1801324503311257,0.5783070093175106,0.02723335597826087,40.0,0,Slovak_FullPage,user_00170_full.png
0.19583966702731945,0.8891169606154804,1.4549767415167456,1.09953756122381,0.01600161703500605,0.06372873238251253,0.023767605633802816,1.5778821040104292,0.53125,1.1263888888888889,0.5884188396307795,0.039043428509154314,40.0,0,Slovak_FullPage,user_00171_full.png
0.16060387442159316,0.952380191650491,2.138389434858458,1.7063041169026953,0.010544291407934548,0.04204634427419886,0.23870967741935484,0.4957309023108044,0.03225806451612903,1.2163934426229508,0.5207245348997035,0.029432039455917675,39.0,0,Slovak_FullPage,user_00172_full.png
0.15502572115383584,0.8639500590281688,1.5867222201479798,1.2701912426045456,0.010731479142644898,0.03643231956081901,0.22520536966539773,0.6254391448691077,0.06451612903225806,1.1571428571428573,0.5964477622095643,0.03587232737469331,39.0,0,Slovak_FullPage,user_00173_full.png
0.16856352442208586,0.8160036998249357,1.3145086792344745,0.9502655692922325,0.006540426791578328,0.03324464149091962,0.5319264069264069,0.5370522306958398,0.0,1.1403508771929824,0.5320219966177742,0.02391845536442809,41.0,0,Slovak_FullPage,user_00176_full.png
0.21049005270911605,0.7274222660371568,1.4059545583581785,0.8985626438996719,0.01420286695465494,0.07964628474917504,0.5964912280701754,0.49058518029733894,0.05263157894736842,1.1794871794871795,0.5084857707382965,0.01750812357534313,46.0,0,Slovak_FullPage,user_00177_full.png
0.1751997388000783,0.6875299652579133,1.1709481272824878,0.7107244405770725,0.006765277072513576,0.046173707572321615,0.6611842105263158,0.6068518865903132,0.0,1.2395833333333333,0.5277821298864162,0.02423049182245268,46.0,0,Slovak_FullPage,user_00178_full.png
0.2773868266617024,0.6278557494090037,1.2606352676715964,0.8161463945765816,0.013751387582917237,0.08312016178268988,0.9870801033591731,0.7058560851697291,0.023255813953488372,1.2702702702702702,0.4328968691637259,0.017804211108277873,51.0,0,Slovak_FullPage,user_00179_full.png
0.15187313574141578,0.7898204200670501,1.339366177626303,1.0332952102682844,0.010420599122450021,0.04006435110403232,0.5619195046439629,0.37453971990650087,0.0,1.1355932203389831,0.5380863889779145,0.029903257889398602,42.0,0,Slovak_FullPage,user_00180_full.png
0.16426409169810627,0.7941841409527075,1.7204451425058431,1.2441847817081304,0.00990241503448342,0.03762594875050711,0.5002754820936639,0.4914535746947675,0.030303030303030304,1.1636363636363636,0.5551320012782112,0.0203408221352195,41.0,0,Slovak_FullPage,user_00181_full.png
0.1792697375975491,0.7042727727880755,1.417940513662069,0.9719666779708085,0.02384391306397944,0.0539325526946981,0.7362745098039216,0.4331822138701233,0.029411764705882353,1.1459016393442625,0.5872518582253228,0.021464355350611274,42.0,0,Slovak_FullPage,user_00182_full.png
0.15528088096216217,0.941135566655276,1.7630861446069912,1.314100290399101,0.011608260656010387,0.04125321111761692,0.8410493827160493,0.39029985731656136,0.0,1.1452380952380952,0.4937116927762898,0.02337538226299694,40.0,0,Slovak_FullPage,user_00183_full.png
0.19726561312808708,0.7397116480754025,1.7321529168022949,1.0442730780254137,0.020492782870040364,0.07261293100893491,0.5609756097560976,0.640357376805495,0.07317073170731707,1.1377777777777778,0.5306366214419693,0.02308055134953253,49.0,0,Slovak_FullPage,user_00184_full.png
0.19812158849249742,0.8158087350999014,1.6539450211763858,1.3746873835231503,0.03453361058563397,0.06533128416013231,0.4957671957671958,0.6215272313364876,0.08571428571428572,1.1781818181818184,0.5324760776041151,0.02634465346329753,43.0,0,Slovak_FullPage,user_00185_full.png
0.1579780190552078,0.6163586173297001,1.2556369941263303,0.7461235242467299,0.012169235234957549,0.050524795825441726,0.9385683760683761,0.4160539783228686,0.0,1.1288461538461538,0.47410800681657694,0.016688530567652668,44.0,0,Slovak_FullPage,user_00186_full.png
0.20048576800217952,0.8934934895426456,1.7492569281109465,1.2930241739868789,0.018901808700998814,0.04629845680614423,0.21261798310978638,0.7133786337061034,0.15151515151515152,1.2380952380952381,0.5386397607635935,0.026676361172093942,41.0,0,Slovak_FullPage,user_00187_full.png
0.13760886830014996,0.7548468666533634,1.9468781228267171,1.6237341720275968,0.016421528323787793,0.04482043207784033,0.7915365938258758,0.34782669226744695,0.0,1.1666666666666667,0.4039709764428617,0.02640070359479415,39.0,0,Slovak_FullPage,user_00189_full.png
0.17536733813891586,0.7614232355494533,1.2532366003059148,1.1055309719232724,0.021898868177079193,0.05902447368412866,0.7334656084656085,0.41251878541906223,0.0,1.1529411764705881,0.4529772617625843,0.019247781998516046,44.0,0,Slovak_FullPage,user_00190_full.png
0.2448615779404284,0.7006092877092568,0.9475500471443548,0.5762729562270451,0.0318378517934447,0.03775204342413641,0.5420918367346939,0.7030234042753214,0.02040816326530612,1.175,0.4606163154702938,0.02797638392373524,57.0,0,Slovak_FullPage,user_00191_full.png
0.20148071331076176,0.7200376946640551,1.61021308351032,1.0015282762750195,0.010948546707879465,0.0715787275391645,0.792989417989418,0.8043125765777749,0.08333333333333333,1.3095238095238095,0.5205169879245996,0.019771181668543705,44.0,0,Slovak_FullPage,user_00192_full.png
0.1934749424685856,0.7190794361692986,1.5986799540433103,1.1719538281995483,0.00824878812666966,0.0951261832542994,0.8648451730418943,0.754467952954895,0.1111111111111111,1.098360655737705,0.5611637589441408,0.03500178597414968,53.0,1,Slovak_FullPage,user_00006_full.png
0.12545862096507815,0.7939615914292584,1.856525059575128,1.425166431077949,0.008357112302698137,0.054028465330823,0.7835648148148148,0.48237595667907796,0.0,1.1666666666666667,0.6410654930909884,0.02844295812115224,40.0,1,Slovak_FullPage,user_00007_full.png
0.14197890503174065,0.6734573720206689,1.7600609488462489,1.1590159978986945,0.012164625058317346,0.04206127823343901,0.8914141414141414,0.41438785176257437,0.030303030303030304,1.1833333333333333,0.5793219644983887,0.02750267524156637,41.0,1,Slovak_FullPage,user_00008_full.png
0.15709395847401136,0.9599669874044637,1.3445114160692637,1.0262455639708967,0.005622978860840597,0.044231621062007453,0.31396172927002125,0.31188841116007215,0.0,1.3005917159763314,0.5644114748579799,0.03959938440898609,42.0,1,Slovak_FullPage,user_00011_full.png
0.1953352239209696,0.7843697383369184,1.5866745824917265,1.1074289296830169,0.008902005713169837,0.058073598509501605,0.8042646254784035,0.39367259912920644,0.03225806451612903,1.2949152542372881,0.5202399697853346,0.026199494949494948,39.0,1,Slovak_FullPage,user_00013_full.png
0.16228911090659165,0.22313859696432992,0.9954258980740772,0.12816450087934161,0.016885671350112458,0.0846786771866693,0.11349104859335038,3.4857000929324755,0.6304347826086957,1.194160583941606,0.6408774274438389,0.04989111103716275,54.0,1,Slovak_FullPage,user_00014_full.png
0.1501132068772652,0.6313737981920639,1.4718859224633534,0.9354421790185863,0.0208526288285843,0.04855363978404938,0.06519607843137255,1.0558757740809954,0.3333333333333333,1.1367647058823531,0.6144319954702551,0.03511350098848124,38.0,1,Slovak_FullPage,user_00015_full.png
0.31588912776967154,0.749962144441067,1.5600730561700742,0.805370375389325,0.01253059793443944,0.08066116372520904,0.4949753694581281,0.5816648165234762,0.05714285714285714,1.3157894736842108,0.5614930410033631,0.021998470348612485,43.0,1,Slovak_FullPage,user_00016_full.png
0.3651876285541863,0.585814874793065,0.9357831478267848,0.459834455469912,0.02189254940038471,0.09917355894836402,0.21552954610334,0.9607872523114582,0.12903225806451613,1.2735042735042734,0.5163939453657851,0.03329406313503044,70.0,1,Slovak_FullPage,user_00017_full.png
0.1330736316803202,0.6763154844624568,1.4668524075364646,0.8563228893527349,0.009654908954679452,0.056507457665966536,0.30934873949579833,0.6241900329554055,0.029411764705882353,1.1912280701754387,0.5537920768972526,0.025162114634280378,42.0,1,Slovak_FullPage,user_00019_full.png
0.19115741231220199,0.9575185755531629,1.5758763637531625,1.0094272769197847,0.011426347293155188,0.052724721676134276,1.1414473684210527,0.32005487998796955,0.0,1.2556521739130435,0.5794254401608601,0.024906198481754273,40.0,1,Slovak_FullPage,user_00021_full.png
0.1857211760505715,0.707864482404333,1.463953276456748,1.00535992704554,0.018167443955261976,0.04214023909414923,0.3377609108159393,0.4816639757188974,0.03225806451612903,1.1868852459016395,0.5174539975038213,0.03064182194616977,39.0,1,Slovak_FullPage,user_00022_full.png
0.27525325866874656,0.6248385493194091,1.3242627149271133,0.7819517892601027,0.00935715761461096,0.08542244957197334,0.7201170057173248,1.1384157565751876,0.043478260869565216,1.167857142857143,0.375572786858533,0.030423861292451324,77.0,1,Slovak_FullPage,user_00026_full.png
0.26864977993802264,1.1140881330697376,1.3503733370629105,1.1072242060475843,0.008439894042456618,0.05922592879251958,0.31645569620253167,0.6499230723708769,0.16129032258064516,1.5061728395061729,0.5895214329493842,0.0312562569684841,39.0,1,Slovak_FullPage,user_00029_full.png
0.2641512871642138,1.0585079377544515,1.2933751851113624,0.7246254053882087,0.03687028546852164,0.0747753843342807,0.323943661971831,0.9830566566926341,0.0967741935483871,1.4206896551724137,0.5702647539356284,0.04966804495952478,70.0,1,Slovak_FullPage,user_00032_full.png
0.17650897169990915,0.6660619454932822,1.4818077655484532,1.1031378738891209,0.006811275641962086,0.053946138928306686,0.3853021978021978,0.41356644494086214,0.0,1.2321428571428572,0.4145983157553362,0.037191573079760634,60.0,1,Slovak_FullPage,user_00036_full.png
0.23144762530823323,0.898304444245573,1.194540844325139,0.601271265167088,0.00968827379794877,0.06849242022314687,0.16398467432950192,1.0500874442124426,0.1896551724137931,1.4175824175824177,0.5966543471430179,0.04679395723927187,66.0,1,Slovak_FullPage,user_00038_full.png
0.19626333386504252,0.738447894528093,1.200928238492481,0.6175495264092605,0.015638142657869593,0.05751349200302743,0.3818565400843882,0.8633180291673945,0.18181818181818182,1.18375,0.733422144855488,0.05089326604664271,74.0,1,Slovak_FullPage,user_00039_full.png
0.17985153197283793,0.6442565275156804,1.6327547852196398,1.1027729019607975,0.01569027309319709,0.07280545038723608,0.5401234567901235,0.4746298235338305,0.08333333333333333,1.1636363636363636,0.5233350861808784,0.019235341117418116,44.0,1,Slovak_FullPage,user_00042_full.png
0.19444735322209902,0.7969097196225013,1.5546142779654704,0.9253475478022638,0.014534824061322019,0.045796308587334314,0.7390804597701149,0.59819508795542,0.034482758620689655,1.278688524590164,0.5151983699353617,0.022631432485658017,37.0,1,Slovak_FullPage,user_00044_full.png
0.14046797440293138,0.8410096210528546,1.2126533210727157,0.783335217705355,0.00820963897195292,0.048936846378673196,0.3044532627865961,0.5166524415044753,0.031746031746031744,1.1917808219178083,0.5385365656925931,0.05028804306809891,71.0,1,Slovak_FullPage,user_00048_full.png
0.1876776738707439,0.6962326629732632,1.7844956375025494,1.0902813693314906,0.009465717300265082,0.08014583160740335,1.0067408156386923,0.6202764547737533,0.043478260869565216,1.2473282442748093,0.6187219491130946,0.028946728558797524,54.0,1,Slovak_FullPage,user_00049_full.png
0.16953757667686495,0.7077296546461005,1.9704543563875816,1.3911391688293844,0.011846949245494148,0.04677493856089593,0.5439672801635992,0.6019735007894164,0.0,1.1578947368421053,0.5479098040108651,0.03118113562654787,38.0,1,Slovak_FullPage,user_00091_full.png
0.16839411257352224,0.8873682031334955,2.185793971848548,1.4484405539823721,0.010482958538447957,0.04199347419232698,0.05604719764011799,1.1562188829383295,0.4,1.1794871794871795,0.6421598162729963,0.025992039632068777,38.0,1,Slovak_FullPage,user_00092_full.png
0.12518152908841423,0.6071136790601909,2.0058751770625167,1.340909920339571,0.010026287090733726,0.05620084001959439,0.5708206686930092,0.597541845417218,0.05714285714285714,1.148936170212766,0.5212066147173894,0.024296979593569527,43.0,1,Slovak_FullPage,user_00093_full.png
0.17285405143240193,0.5024364914188333,1.2298543760670677,0.5083360366040048,0.03023762314259975,0.04212770209651541,0.4744730679156909,0.4970617811977346,0.08571428571428572,1.2634920634920639,0.6152219986881035,0.025602712829678846,43.0,1,Slovak_FullPage,user_00095_full.png
0.14118397244663525,0.7365205881125229,1.2390685083962063,0.9783690483986522,0.012179956555898208,0.06397390105151878,0.24729567307692307,0.596808123428742,0.09615384615384616,1.132824427480916,0.6198189333623816,0.03625713395169872,60.0,1,Slovak_FullPage,user_00099_full.png
0.12590116406475396,0.583678649657977,1.4838885033651,1.1173648907249734,0.013912706615171595,0.04547976406591114,1.2104308390022676,0.23089474066226254,0.0,1.125,0.512780646119128,0.028110005597004786,43.0,1,Slovak_FullPage,user_00100_full.png
0.16802838841657597,0.7950115014228559,1.7573963588219483,1.2589900818910538,0.018808787348148316,0.04277500440828538,0.5145806451612903,0.7547614604558028,0.12903225806451613,1.161904761904762,0.6590725422428435,0.023146882754259315,39.0,1,Slovak_FullPage,user_00101_full.png
0.16456304089678186,0.8725950451549515,2.275331571895681,1.6907696203037001,0.01401660476379892,0.09527684569022557,0.7573075891659963,0.8080590678793633,0.030303030303030304,1.1578947368421053,0.4497093632421776,0.023332980063089908,41.0,1,Slovak_FullPage,user_00104_full.png
0.21275283349139,0.6863800752433298,1.0509865872841744,0.6190611033512479,0.01606076588904371,0.07261654294129172,0.45156695156695154,0.6769315822314714,0.06349206349206349,1.240506329113924,0.5650892005689199,0.038984178809602206,71.0,1,Slovak_FullPage,user_00107_full.png
0.1812092448443291,0.7340755129707643,1.194053982435956,0.8451663426609723,0.02257544591505946,0.05543815180464076,0.15176470588235294,0.8396461807163416,0.14705882352941177,1.2,0.5603022184833552,0.024931029660424375,42.0,1,Slovak_FullPage,user_00108_full.png
0.2223658149893492,0.9117834543229834,1.351726867334764,0.9980138755229173,0.016141271608574783,0.0442517463782646,0.28617283950617284,0.9718941495407314,0.15555555555555556,1.2533333333333334,0.6216023656148778,0.0468770798136487,53.0,1,Slovak_FullPage,user_00109_full.png
0.1630660008149154,0.23237534353393263,0.9804283337536325,0.15921552806086878,0.014327703569409479,0.0435086419211368,0.07871148459383753,1.6271325047275291,0.42857142857142855,1.2096153846153848,0.6429731281820572,0.04587348783718865,43.0,1,Slovak_FullPage,user_00110_full.png
0.16671964542965234,0.8246238151162129,1.1842832950365247,0.6352868067644948,0.003729064564086927,0.06251361392846613,0.2790360046457607,0.5539077663785561,0.0,1.1821428571428574,0.6018145896565854,0.04502455885028197,50.0,1,Slovak_FullPage,user_00112_full.png
0.16932248012963597,0.561155432858727,1.674265766245719,1.01320057232326,0.008275451994277993,0.10586520963935121,1.010441385856668,0.48872072555529056,0.04081632653061224,1.2045454545454546,0.4761066422923863,0.03289333420628086,57.0,1,Slovak_FullPage,user_00113_full.png
0.21483288044795137,0.7786009906530613,1.961893738296462,1.1260744622744334,0.025443245009556775,0.06178453673791,0.3705137227304715,0.49202498243058096,0.034482758620689655,1.3346938775510204,0.5874835299863145,0.04321760440397565,37.0,1,Slovak_FullPage,user_00114_full.png
0.14946704108502823,0.5959864112902571,1.973773406069279,1.2136931895852352,0.027840306456779144,0.05045605671739365,0.39052253014596994,0.8608903435110113,0.034482758620689655,1.1951219512195121,0.6147978267203019,0.031265256947058506,37.0,1,Slovak_FullPage,user_00115_full.png
0.1847578054611033,0.7494366168702101,1.413568279346724,0.9559071330886274,0.015395454713294496,0.055850611646102825,0.7102564102564102,0.5784402982068085,0.05555555555555555,1.1692307692307693,0.5970184908529037,0.022742399372623467,44.0,1,Slovak_FullPage,user_00118_full.png
